Workbook

Sheet 生產達成率(目標)
A1: 料號 | B1: 品名 | C1: 生產達成率(目標)
A2: A1020 | B2: 大圓草莓-新 | C2: 1
A3: A1032 | B3: 小圓草莓(1*170g) | C3: 1
A4: A1040 | B4: 開心草莓果醬(1*430g) | C4: 1
A5: A1050 | B5: 梨山草莓果醬(1*430g) | C5: 1
A6: A2020 | B6: PET大花生(1*400g) | C6: 1
A7: A2040 | B7: PET瓶花生(1*340g) | C7: 1
A8: A2050 | B8: PET瓶花生(粒)(1*340g) | C8: 1
A9: A2060 | B9: 顆粒花生醬(全) | C9: 1
A10: A3010 | B10: 小藍莓1*260G | C10: 1
A11: A3011 | B11: 小藍莓1*260G | C11: 1
A12: B1011 | B12: ＃1草莓(1*3.2kg) | C12: 1
A13: B1020 | B13: ＃1蜂草(1*3.5kg) | C13: 1
... A116: D1792 | B116: 柚皮糖B | C116: 1
A117: 111033 | B117: 加糖柑橘果皮(柳橙) | C117: 1
A118: 111010 | B118: 糖漬桔皮絲 | C118: 1
A119: 111050 | B119: 糖漬檸檬絲 | C119: 1
A120: 151010 | B120: 蜜紅果6m/m | C120: 1
A121: 152010 | B121: 蜜綠果6m/m | C121: 1
A122: 153010 | B122: 蜜桔皮6m/m | C122: 1
A123: 153081 | B123: 已殺菁桔皮(進口) | C123: 1
A124: 159040 | B124: 蘿蔔RE | C124: 1
A125: F0020 | B125: 蜜餞水果(1*1kg) | C125: 1
A126: D0191-1 | B126: 蘋果餡(1*6Kg) | C126: 1
A127: D1791 | B127: 柚皮糖 | C127: 1
A128: B2021-1 | B128: ＃1花生(粒)(1*2.8kg) | C128: 1
A129: D0132-1 | B129: 綜合莓果餡(1*6Kg) | C129: 1
A130: D0594 | B130: 柚皮鮮果乾(100g) | C130: 1
A131: D9950 | B131: 紅棗醬(1*210G) | C131: 1
A132: C3020-1 | B132: 藍莓餡（大）(1*9.08kg) | C132: 1
A133: D1520 | B133: 花生醬(1*290g) | C133: 1
A134: D1521 | B134: 花生醬(粒)(1*270g) | C134: 1
A135: B2041 | B135: ＃2花生（粒）(1*800g) | C135: 1
A136: C3080 | B136: 上好佳藍莓餡(大)4.5KG | C136: 1
... A139: E0120 | B139: 佳樂美細花(1*340g) | C139: 1
A140: 155121 | B140: 糖蜜柚泥 | C140: 1
A141: Z1001 | B141: 桔光抹醬(1*190g) | C141: 1
A142: D0141 | B142: 白桃烏龍餡(1*6Kg) | C142: 1
A143: D0174 | B143: 楊枝甘露餡(1*6Kg) | C143: 1
A144: D0390 | B144: 化應子(1*2.5KG) | C144: 1
A145: D0195-1 | B145: 檸檬餡(1*6Kg) | C145: 1
A146: C5020 | B146: 上好佳柳橙餡4.5KG | C146: 1
A147: D0134 | B147: 藍莓餡(1*6Kg) | C147: 1
A148: Z2001 | B148: 藍莓果醬 | C148: 1
A149: Z3001 | B149: 鳳梨果茶醬(1*210G) | C149: 1
A150: B5011-1 | B150: ＃1桔子(1*3.2kg) | C150: 1
A151: F0011 | B151: 蜜桔皮(10kg/桶) | C151: 1
A152: D1410-1 | B152: 草莓餡°(1*6KG) | C152: 1
... A158: D0160 | B158: 百香綠茶餡(1*6Kg) | C158: 1
A159: 111060 | B159: 加糖檸檬皮 | C159: 1
A160: Z0001 | B160: 柑橘果醬(1*220G) | C160: 1
A161: Z0002 | B161: 柑橘果醬(1*6Kg) | C161: 1
A162: D0133 | B162: 藍莓餡(1*6Kg) | C162: 1
A163: D2712 | B163: 草莓果醬(1*6KG) | C163: 1
A164: D2233 | B164: 上好佳藍莓餡(1*4.5kg) | C164: 1

Sheet 112年全品項生產鍋數
A1: 112年鍋數生產均數表(實際半成品數／鍋數）
A2: 料號 | B2: 品名 | C2: 規格 (kg) | D2: 平均1鍋生產量 | E2: 第1季調整 | F2: 第2季調整 | G2: 2025Q1調整 | H2: 單位 | J2: 說明： | K2: 左項生產參數由生產單位定期檢討更新。
A3: A1020 | B3: 大圓草莓-新 | C3: 0.44 | D3: 332.4 | E3: 336.5 | F3: 336.5 | G3: 344 | H3: 瓶
A4: A1032 | B4: 小圓草莓(1*170g) | C4: 0.17 | D4: 883.4 | E4: 883.4 | F4: 883.4 | G4: 912.6 | H4: 瓶
A5: A1040 | B5: 開心草莓果醬(1*430g) | C5: 0.43 | D5: 353.3 | E5: 353.3 | F5: 353.3 | G5: 364 | H5: 瓶
A6: A1040-1 | B6: 開心草莓果醬(1*430g) | C6: 0.43 | G6: 364 | H6: 瓶
A7: A1050 | B7: 梨山草莓果醬(1*430g) | C7: 0.43 | D7: 331.3 | E7: 331.3 | F7: 331.3 | G7: 340.4 | H7: 瓶
A8: A2020 | B8: PET大花生(1*400g) | C8: 0.4 | D8: 310.5 | E8: 310.5 | F8: 310.5 | G8: 309.2 | H8: 瓶 | I8: 調降
A9: A2040 | B9: PET瓶花生(1*340g) | C9: 0.34 | D9: 368.3 | E9: 368.3 | F9: 357 | G9: 358.3 | H9: 瓶
A10: A2040-1 | B10: PET瓶花生(1*340g) | C10: 0.34 | D10: 368.3 | E10: 368.3 | F10: 357 | G10: 358.3 | H10: 瓶
A11: A2050 | B11: PET瓶花生(粒)(1*340g) | C11: 0.34 | D11: 372.3 | E11: 360 | F11: 360 | G11: 366 | H11: 瓶
A12: A2060 | B12: 顆粒花生醬(全) | C12: 0.34 | D12: 360.5 | E12: 360.5 | F12: 360 | G12: 364.6 | H12: 瓶
A13: A3010 | B13: 小藍莓1*260G | C13: 0.26 | D13: 570.4 | E13: 570.4 | F13: 570.4 | G13: 584.3 | H13: 瓶
A14: A3011 | B14: 小藍莓1*260G | C14: 0.26 | D14: 551.9 | E14: 570.4 | F14: 570.4 | G14: 592 | H14: 瓶
A15: B1011 | B15: ＃1草莓(1*3.2kg) | C15: 3.2 | D15: 46.2 | E15: 46.2 | F15: 46.2 | G15: 46.8 | H15: 罐
A16: B1020 | B16: ＃1蜂草(1*3.5kg) | C16: 3.5 | D16: 39.6 | F16: 39.6 | G16: 39.6 | H16: 罐
A17: B1030 | B17: ＃1草莓原漿(1*3.5kg) | C17: 3.5 | D17: 40.7 | F17: 40.7 | G17: 40.7 | H17: 罐
A18: B1031 | B18: ＃1草莓原漿(1*3.4kg) | C18: 3.4 | D18: 42.2 | E18: 42.2 | F18: 42.2 | G18: 43 | H18: 罐
A19: B1040 | B19: #2草莓果醬(1*900g) | C19: 0.9 | D19: 159.1 | E19: 159.1 | F19: 159.1 | G19: 160.5 | H19: 罐
A20: B1041 | B20: 上好佳草莓餡(1*900g) | C20: 0.9 | D20: 168 | F20: 168 | G20: 173 | H20: 罐
A21: B2011 | B21: ＃1花生(1*2.8kg) | C21: 2.8 | D21: 44.9 | E21: 46 | F21: 44.7 | G21: 44.5 | H21: 罐 | I21: 調降
A22: B2021 | B22: ＃1花生(粒)(1*2.8kg) | C22: 2.8 | D22: 44.9 | E22: 44.9 | F22: 44.9 | G22: 44.2 | H22: 罐 | I22: 調降
A23: B2030 | B23: ＃2花生(1*900g) | C23: 0.9 | D23: 139.2 | F23: 139.2 | G23: 139.2 | H23: 罐
A24: B2031 | B24: ＃2花生(1*800g) | C24: 0.8 | D24: 154.2 | E24: 154.2 | F24: 154.2 | G24: 157.7 | H24: 罐
A25: B2040 | B25: ＃2花生（粒）(1*900g) | C25: 0.9 | D25: 140.6 | E25: 140.6 | F25: 139 | G25: 139.3 | H25: 罐
A26: B3011 | B26: ＃1藍莓(1*3.2kg) | C26: 3.2 | D26: 45.8 | E26: 46.2 | F26: 46.2 | G26: 47.5 | H26: 罐
A27: B3020 | B27: ＃2藍莓(1*900g) | C27: 0.9 | D27: 162.5 | E27: 165 | F27: 165 | G27: 163 | H27: 罐 | I27: 調降
A28: B5011 | B28: ＃1桔子(1*3.2kg) | C28: 3.2 | D28: 46.8 | E28: 46.8 | F28: 46.8 | G28: 46.4 | H28: 罐 | I28: 調降
A29: C1010 | B29: 草莓果醬(桶)(1*9.5KG) | C29: 9.5 | D29: 15.6 | E29: 15.6 | F29: 15.6 | G29: 16.6 | H29: 桶
A30: C1020 | B30: 天天開心草莓餡4.5KG | C30: 4.5 | D30: 34.8 | E30: 34.8 | F30: 34.8 | G30: 36.3 | H30: 桶
A31: C1030 | B31: 上好佳草莓餡4.5KG | C31: 4.5 | D31: 34.8 | E31: 34.8 | F31: 34.8 | G31: 36.3 | H31: 桶
A32: C3010 | B32: 藍莓餡（小）(1*4.5kg) | C32: 4.5 | D32: 34.5 | E32: 34 | F32: 34 | G32: 35 | H32: 桶
A33: C3020 | B33: 藍莓餡（大）(1*9.08kg) | C33: 9.08 | D33: 16.6 | E33: 16.6 | F33: 16.6 | G33: 17.8 | H33: 桶
A34: C3070 | B34: 天天開心藍莓餡4.5KG | C34: 4.5 | D34: 36.1 | E34: 36.1 | F34: 36.1 | G34: 36.8 | H34: 桶
A35: C5010 | B35: 天天開心柳橙餡4.5KG | C35: 4.5 | D35: 34 | E35: 34 | F35: 34 | G35: 34.9 | H35: 桶
A36: C5020 | B36: 上好佳柳橙餡4.5KG | C36: 4.5 | D36: 34 | E36: 34 | F36: 34 | G36: 34.9 | H36: 桶
A37: C7010 | B37: 天天開心芒果餡4.5KG | C37: 4.5 | D37: 31.4 | E37: 31.4 | F37: 33.13 | G37: 33.2 | H37: 桶
A38: C7020 | B38: 上好佳芒果餡(大)4.5KG | C38: 4.5 | G38: 33.2 | H38: 桶
A39: C7021 | B39: 上好佳芒果餡(大)4.5KG | C39: 4.5 | G39: 33.2 | H39: 桶
A40: C9030 | B40: 天天熱帶水果餡 4.5KG | C40: 4.5 | D40: 33.3 | E40: 33.3 | F40: 33.3 | G40: 34.5 | H40: 桶
A41: C9050 | B41: 上好佳綜合莓餡4.5KG | C41: 4.5 | D41: 32.6 | E41: 32.6 | F41: 33 | G41: 32.8 | H41: 桶 | I41: 調降
A42: D0111 | B42: 草莓餡(1*6Kg) | C42: 6 | D42: 24.5 | E42: 24.5 | F42: 25 | G42: 25.5 | H42: 包
A43: D0113 | B43: 草莓餡45%(1*6Kg) | C43: 6 | D43: 25.6 | E43: 25.6 | F43: 25.6 | G43: 26.1 | H43: 包
A44: D0114 | B44: 草莓椰果餡(1*6Kg) | C44: 6 | D44: 25.5 | E44: 25.5 | F44: 25.5 | G44: 26.4 | H44: 包
A45: D0120 | B45: 顆粒花生醬(1*12KG) | C45: 3 | D45: 30 | E45: 32 | F45: 32 | G45: 31.6 | H45: 包 | I45: 調降
A46: D0121 | B46: 顆粒花生醬(1*12KG) | C46: 3 | D46: 30 | E46: 30.1 | F46: 30.1 | G46: 29.7 | H46: 包 | I46: 調降
A47: D0122 | B47: 顆粒花生醬(1*12KG) | C47: 3 | D47: 30 | E47: 31.2 | F47: 30.67 | G47: 30.8 | H47: 包
A48: D0131 | B48: 藍莓餡(1*6Kg) | C48: 6 | D48: 24.2 | E48: 24.2 | F48: 24.9 | G48: 25.1 | H48: 包
A49: D0132 | B49: 綜合莓果餡(1*6Kg) | C49: 6 | D49: 24.1 | F49: 24.1 | G49: 25.1 | H49: 包
A50: D0140 | B50: 蜜桃餡(1*6Kg) | C50: 6 | D50: 24 | F50: 24 | G50: 25.8 | H50: 包
A51: D0150 | B51: 柑橘蒟蒻餡(1*6Kg) | C51: 6 | D51: 24.2 | F51: 24.2 | G51: 24.2 | H51: 包
A52: D0173 | B52: 鳳梨百香果餡(1*6Kg) | C52: 6 | D52: 24.4 | F52: 24.4 | G52: 24.4 | H52: 包
A53: D0191 | B53: 蘋果餡(1*6Kg) | C53: 6 | D53: 23.9 | E53: 23.9 | F53: 23.9 | G53: 25.3 | H53: 包
A54: D0194 | B54: 檸檬蒟蒻餡(1*6Kg) | C54: 6 | D54: 25.2 | F54: 25.2 | G54: 25.2 | H54: 包
A55: D0195 | B55: 檸檬餡(1*6Kg) | C55: 6 | D55: 23.9 | F55: 23.9 | G55: 23.9 | H55: 包
A56: D0196 | B56: 金桔檸檬餡(福)(1*6Kg) | C56: 6 | G56: 26 | H56: 包
A57: D0210 | B57: 草莓醬(1*6kg) | C57: 6 | D57: 25.8 | E57: 25.8 | F57: 25.8 | G57: 26.6 | H57: 包
A58: D0230 | B58: 藍莓醬(1*6kg) | C58: 6 | D58: 24.8 | E58: 24.8 | F58: 24.8 | G58: 25.5 | H58: 包
A59: D0241 | B59: 水蜜桃醬(1*6kg) | C59: 6 | D59: 24.3 | F59: 24.3 | G59: 24.5 | H59: 包
A60: D0242 | B60: 芒果蜜桃醬(1*6kg) | C60: 6 | D60: 24.5 | E60: 24.5 | F60: 24.5 | G60: 25.6 | H60: 包
A61: D0250 | B61: 葡萄奇異果醬(1*6kg) | C61: 6 | D61: 23.7 | E61: 23.7 | F61: 23.7 | G61: 24.3 | H61: 包
A62: D0290 | B62: 鳳梨芒果百香果醬(1*6KG) | C62: 6 | D62: 24.7 | E62: 24.7 | F62: 24.7 | G62: 25.7 | H62: 包
A63: D0291 | B63: 蔓越莓醬(1*6KG) | C63: 6 | D63: 25.4 | E63: 25.4 | F63: 25.4 | G63: 25.6 | H63: 包
A64: D0296 | B64: 蜂蜜蘋果醬(1*6KG) | C64: 6 | D64: 25.7 | E64: 25.5 | F64: 25.5 | G64: 25.2 | H64: 包 | I64: 調降
A65: D0310 | B65: 草莓蒟蒻餡(1*6kg) | C65: 6 | D65: 25 | E65: 25.29 | F65: 25.29 | G65: 25.7 | H65: 包
A66: D0311 | B66: 蜂蜜風味餡(1*6kg) | C66: 6 | D66: 24.7 | E66: 27.4 | F66: 27.4 | G66: 27.4 | H66: 包
A67: D0330 | B67: 藍莓餡(1*6KG) | C67: 6 | D67: 25.4 | E67: 25.4 | F67: 25.4 | G67: 25.4 | H67: 包
A68: D0331 | B68: 藍莓餡(1*6KG) | C68: 6 | D68: 25.4 | E68: 25.4 | F68: 25.4 | G68: 25.4 | H68: 包
A69: D0410 | B69: 草莓餡(1*6Kg) | C69: 6 | D69: 24.3 | F69: 24.3 | G69: 24.3 | H69: 包
A70: D0420 | B70: 花生醬(1*18KG) | C70: 18 | D70: 7 | E70: 6.7 | F70: 6.7 | G70: 6.9 | H70: 箱
A71: D0422 | B71: 深烤焙花生醬(1*18KG) | C71: 18 | D71: 6.9 | E71: 6.7 | F71: 7 | G71: 6.9 | H71: 箱 | I71: 調降
A72: D0430 | B72: 藍莓餡(1*6Kg) | C72: 6 | D72: 23.8 | F72: 23.8 | G72: 23.8 | H72: 包
A73: D0520 | B73: 花生醬(1*290g) | C73: 0.29 | D73: 416.3 | E73: 416.3 | F73: 416.3 | G73: 412.6 | H73: 瓶 | I73: 調降
A74: D0521 | B74: 無加糖花生醬(1*290g) | C74: 0.29 | D74: 391.4 | E74: 391.4 | F74: 391.4 | G74: 388 | H74: 瓶 | I74: 調降
A75: D0530 | B75: 藍莓果醬(1*210G) | C75: 0.21 | D75: 698.4 | E75: 698.4 | F75: 698.4 | G75: 698.4 | H75: 瓶
A76: D0591 | B76: 桑椹果醬(1*190g) | C76: 0.19 | D76: 732 | E76: 732 | F76: 732 | G76: 759.3 | H76: 瓶
A77: D0592 | B77: 桑椹果粒茶(1*400G) | C77: 0.4 | D77: 359.7 | E77: 359.7 | F77: 359.7 | G77: 366.4 | H77: 瓶
A78: D0593 | B78: 文旦柚茶(1*420g) | C78: 0.42 | D78: 372.6 | E78: 372.6 | F78: 372.6 | G78: 365.1 | H78: 瓶 | I78: 調降
A79: D0610 | B79: 草莓餡50°(1*6Kg) | C79: 6 | D79: 24.4 | E79: 24.4 | F79: 25 | G79: 25 | H79: 包
A80: D0630 | B80: 藍莓餡(1*6KG) | C80: 6 | D80: 25.1 | E80: 25.1 | F80: 25.1 | G80: 25.5 | H80: 包
A81: D0730 | B81: 藍莓果茶(1*420g) | C81: 0.42 | D81: 369.3 | E81: 369.3 | F81: 369.3 | G81: 364 | H81: 瓶 | I81: 調降
A82: D0731 | B82: 藍莓果漿(1*350g) | C82: 0.35 | D82: 341.7 | F82: 341.7 | G82: 341.7 | H82: 瓶
A83: D0732 | B83: 藍莓寡糖果醬(1*200G) | C83: 0.2 | D83: 753.8 | F83: 753.8 | G83: 763 | H83: 瓶
A84: D0790 | B84: 奇異果茶(1*420g) | C84: 0.42 | D84: 369.7 | F84: 369.7 | G84: 370.5 | H84: 瓶
A85: D0810 | B85: 草莓餡(1*4.5Kg) | C85: 4.5 | D85: 33.8 | E85: 33.8 | F85: 33.8 | G85: 35.6 | H85: 桶
A86: D0820 | B86: 花生醬(1*3.5KG) | C86: 3.5 | D86: 25.3 | E86: 25.3 | F86: 25.3 | G86: 25.4 | H86: 桶
A87: D0820-1 | B87: 花生醬(1*3.5KG) | C87: 3.5 | D87: 25.3 | E87: 25.3 | F87: 25.3 | G87: 25.4 | H87: 桶
A88: D0910 | B88: 耐烤草莓餡(1*4.5KG) | C88: 4.5 | D88: 34.4 | E88: 34.4 | F88: 34.4 | G88: 36 | H88: 桶
A89: D0990 | B89: 玫瑰洛神餡(1*4.5KG) | C89: 4.5 | D89: 32.4 | E89: 32.4 | F89: 32.4 | G89: 32.9 | H89: 桶
A90: D1010 | B90: 草莓椰果漿(1*6KG) | C90: 6 | D90: 25.2 | E90: 25.2 | F90: 25.2 | G90: 25.7 | H90: 包
A91: D1130 | B91: 藍莓餡(1*6kg) | C91: 6 | D91: 25.4 | E91: 25.6 | F91: 25.6 | G91: 26.4 | H91: 包
A92: D1210 | B92: 開心草莓餡P(1*6KG) | C92: 6 | D92: 25.3 | E92: 25.3 | F92: 25.3 | G92: 25.3 | H92: 包
A93: D1211 | B93: 草莓餡(1*4.5kg) | C93: 4.5 | D93: 33.6 | E93: 33.6 | F93: 33.6 | G93: 34.5 | H93: 桶
A94: D1390 | B94: 蘋果寡糖果醬(260G) | C94: 0.26 | E94: 581.3 | F94: 581.3 | G94: 580 | H94: 瓶 | I94: 調降
A95: D1391 | B95: 水蜜桃寡糖果醬(1*260g) | C95: 0.26 | D95: 579.3 | E95: 579.3 | F95: 579.3 | G95: 595 | H95: 瓶
A96: D1410 | B96: 草莓餡42°(1*6KG) | C96: 6 | D96: 24.2 | E96: 24.2 | F96: 25 | G96: 25.2 | H96: 包
A97: D1620 | B97: 顆粒花生醬(1*8kg) | C97: 8 | D97: 19.4 | E97: 19.4 | F97: 19.4 | G97: 19.6 | H97: 包
A98: D2010 | B98: 美芝城草莓醬(1*9kg) | C98: 0.9 | F98: 159.1 | G98: 158.7 | H98: 桶 | I98: 調降
A99: D2021 | B99: 美芝城花生醬(1*2.8kg) | C99: 2.8 | F99: 46 | G99: 46 | H99: 桶
A100: D2130 | B100: 藍莓餡(1*9.08kg) | C100: 9.08 | D100: 16.7 | F100: 16.7 | G100: 16.7 | H100: 桶
...

Sheet 資料總表
A1: 日期 | B1: 料號 | C1: 品項 | D1: 鍋數 (P) | E1: 規格 (kg) | F1: 平均均數 (鍋) | G1: 半成品數 (預估) | H1: 半成品數 (實際) | I1: 半成品重量(KG) (實際) | J1: 生產達成率 (實際) | K1: 生產達成率 (目標) | L1: 差異統計 (實際-目標) | M1: 總生產時間(分) | N1: 品保取樣數 | O1: 不良品數 | P1: 成品數 (實際) | Q1: 產品良率 (成品) | R1: 異常單號 | S1: 重工數(kg) | T1: 備註 | U1: 刪除 | V1: 調理繳回單位 | W1: 領料單(調) 交回時間 | X1: 充填繳回單位 | Y1: 領料單(充) 交回時間 | Z1: 充填單位簽核日期 | AA1: 暫存配方 領取時間 | AB1: 暫存配方 回收時間 | AC1: 超過 天數(調) | AD1: 超過 天數(充)
A2: 2024/01/02 | B2: D0230 | C2: =VLOOKUP(B2,'112年全品項生產鍋數'!A:H,2,0) -> 藍莓醬(1*6kg) | D2: 20 | E2: =VLOOKUP(B2,'112年全品項生產鍋數'!A:H,3,0) -> 6 | F2: =VLOOKUP(B2,'112年全品項生產鍋數'!A:H,7,0) -> 25.5 | G2: =D2*F2 -> 510 | H2: 504 | I2: =H2*E2 -> 3024 | J2: =IF(G2=0,"無法預估數據",H2/G2) -> 0.98823529 | K2: =VLOOKUP(B:B,'生產達成率(目標)'!A:C,3,0) -> 1 | L2: =IF(G2=0,"無法預估數據",ROUND(J2-K2,3)) -> -0.012 | O2: =H2-N2-P2 -> 2 | P2: 502 | Q2: =P2/H2 -> 0.99603175 | S2: 2(包)
A3: 2024/01/02 | B3: D0290 | C3: =VLOOKUP(B3,'112年全品項生產鍋數'!A:H,2,0) -> 鳳梨芒果百香果醬(1*6KG) | D3: 12 | E3: =VLOOKUP(B3,'112年全品項生產鍋數'!A:H,3,0) -> 6 | F3: =VLOOKUP(B3,'112年全品項生產鍋數'!A:H,7,0) -> 25.7 | G3: =D3*F3 -> 308.4 | H3: 301 | I3: =H3*E3 -> 1806 | J3: =IF(G3=0,"無法預估數據",H3/G3) -> 0.97600519 | K3: =VLOOKUP(B:B,'生產達成率(目標)'!A:C,3,0) -> 1 | L3: =IF(G3=0,"無法預估數據",ROUND(J3-K3,3)) -> -0.024 | O3: =H3-N3-P3 -> 2 | P3: 299 | Q3: =P3/H3 -> 0.99335548
A4: 2024/01/02 | B4: D0210 | C4: =VLOOKUP(B4,'112年全品項生產鍋數'!A:H,2,0) -> 草莓醬(1*6kg) | D4: 16 | E4: =VLOOKUP(B4,'112年全品項生產鍋數'!A:H,3,0) -> 6 | F4: =VLOOKUP(B4,'112年全品項生產鍋數'!A:H,7,0) -> 26.6 | G4: =D4*F4 -> 425.6 | H4: 412 | I4: =H4*E4 -> 2472 | J4: =IF(G4=0,"無法預估數據",H4/G4) -> 0.96804511 | K4: =VLOOKUP(B:B,'生產達成率(目標)'!A:C,3,0) -> 1 | L4: =IF(G4=0,"無法預估數據",ROUND(J4-K4,3)) -> -0.032 | O4: =H4-N4-P4 -> 2 | P4: 410 | Q4: =P4/H4 -> 0.99514563
A5: 2024/01/02 | B5: C1020 | C5: =VLOOKUP(B5,'112年全品項生產鍋數'!A:H,2,0) -> 天天開心草莓餡4.5KG | D5: 20 | E5: =VLOOKUP(B5,'112年全品項生產鍋數'!A:H,3,0) -> 4.5 | F5: =VLOOKUP(B5,'112年全品項生產鍋數'!A:H,7,0) -> 36.3 | G5: =D5*F5 -> 726 | H5: 713 | I5: =H5*E5 -> 3208.5 | J5: =IF(G5=0,"無法預估數據",H5/G5) -> 0.98209366 | K5: =VLOOKUP(B:B,'生產達成率(目標)'!A:C,3,0) -> 1 | L5: =IF(G5=0,"無法預估數據",ROUND(J5-K5,3)) -> -0.018 | O5: =H5-N5-P5 -> 1 | P5: 712 | Q5: =P5/H5 -> 0.99859748
A6: 2024/01/02 | B6: C9030 | C6: =VLOOKUP(B6,'112年全品項生產鍋數'!A:H,2,0) -> 天天熱帶水果餡 4.5KG | D6: 8 | E6: =VLOOKUP(B6,'112年全品項生產鍋數'!A:H,3,0) -> 4.5 | F6: =VLOOKUP(B6,'112年全品項生產鍋數'!A:H,7,0) -> 34.5 | G6: =D6*F6 -> 276 | H6: 270 | I6: =H6*E6 -> 1215 | J6: =IF(G6=0,"無法預估數據",H6/G6) -> 0.97826087 | K6: =VLOOKUP(B:B,'生產達成率(目標)'!A:C,3,0) -> 1 | L6: =IF(G6=0,"無法預估數據",ROUND(J6-K6,3)) -> -0.022 | O6: =H6-N6-P6 -> 0 | P6: 270 | Q6: =P6/H6 -> 1
A7: 2024/01/02 | B7: D2330 | C7: =VLOOKUP(B7,'112年全品項生產鍋數'!A:H,2,0) -> 蘋果藍莓餡(1*9.08kg) | D7: 24 | E7: =VLOOKUP(B7,'112年全品項生產鍋數'!A:H,3,0) -> 9.08 | F7: =VLOOKUP(B7,'112年全品項生產鍋數'!A:H,7,0) -> 17.3 | G7: =D7*F7 -> 415.2 | H7: 409 | I7: =H7*E7 -> 3713.72 | J7: =IF(G7=0,"無法預估數據",H7/G7) -> 0.98506744 | K7: =VLOOKUP(B:B,'生產達成率(目標)'!A:C,3,0) -> 1 | L7: =IF(G7=0,"無法預估數據",ROUND(J7-K7,3)) -> -0.015 | O7: =H7-N7-P7 -> 0 | P7: 409 | Q7: =P7/H7 -> 1
A8: 2024/01/02 | B8: A2020 | C8: =VLOOKUP(B8,'112年全品項生產鍋數'!A:H,2,0) -> PET大花生(1*400g) | D8: 24 | E8: =VLOOKUP(B8,'112年全品項生產鍋數'!A:H,3,0) -> 0.4 | F8: =VLOOKUP(B8,'112年全品項生產鍋數'!A:H,7,0) -> 309.2 | G8: =D8*F8 -> 7420.8 | H8: 7587 | I8: =H8*E8 -> 3034.8 | J8: =IF(G8=0,"無法預估數據",H8/G8) -> 1.0223965 | K8: =VLOOKUP(B:B,'生產達成率(目標)'!A:C,3,0) -> 1 | L8: =IF(G8=0,"無法預估數據",ROUND(J8-K8,3)) -> 0.022 | O8: =H8-N8-P8 -> 4 | P8: 7583 | Q8: =P8/H8 -> 0.99947278
A9: 2024/01/02 | B9: B2040 | C9: =VLOOKUP(B9,'112年全品項生產鍋數'!A:H,2,0) -> ＃2花生（粒）(1*900g) | D9: 12 | E9: =VLOOKUP(B9,'112年全品項生產鍋數'!A:H,3,0) -> 0.9 | F9: =VLOOKUP(B9,'112年全品項生產鍋數'!A:H,7,0) -> 139.3 | G9: =D9*F9 -> 1671.6 | H9: 1659 | I9: =H9*E9 -> 1493.1 | J9: =IF(G9=0,"無法預估數據",H9/G9) -> 0.99246231 | K9: =VLOOKUP(B:B,'生產達成率(目標)'!A:C,3,0) -> 1 | L9: =IF(G9=0,"無法預估數據",ROUND(J9-K9,3)) -> -0.008 | O9: =H9-N9-P9 -> 2 | P9: 1657 | Q9: =P9/H9 -> 0.99879445 | S9: 61kg
A10: 2024/01/03 | B10: A1020 | C10: =VLOOKUP(B10,'112年全品項生產鍋數'!A:H,2,0) -> 大圓草莓-新 | D10: 24 | E10: =VLOOKUP(B10,'112年全品項生產鍋數'!A:H,3,0) -> 0.44 | F10: =VLOOKUP(B10,'112年全品項生產鍋數'!A:H,7,0) -> 344 | G10: =D10*F10 -> 8256 | H10: 8050 | I10: =H10*E10 -> 3542 | J10: =IF(G10=0,"無法預估數據",H10/G10) -> 0.97504845 | K10: =VLOOKUP(B:B,'生產達成率(目標)'!A:C,3,0) -> 1 | L10: =IF(G10=0,"無法預估數據",ROUND(J10-K10,3)) -> -0.025 | O10: =H10-N10-P10 -> 6 | P10: 8044 | Q10: =P10/H10 -> 0.99925466
A11: 2024/01/03 | B11: D0210 | C11: =VLOOKUP(B11,'112年全品項生產鍋數'!A:H,2,0) -> 草莓醬(1*6kg) | D11: 24 | E11: =VLOOKUP(B11,'112年全品項生產鍋數'!A:H,3,0) -> 6 | F11: =VLOOKUP(B11,'112年全品項生產鍋數'!A:H,7,0) -> 26.6 | G11: =D11*F11 -> 638.4 | H11: 630 | I11: =H11*E11 -> 3780 | J11: =IF(G11=0,"無法預估數據",H11/G11) -> 0.98684211 | K11: =VLOOKUP(B:B,'生產達成率(目標)'!A:C,3,0) -> 1 | L11: =IF(G11=0,"無法預估數據",ROUND(J11-K11,3)) -> -0.013 | O11: =H11-N11-P11 -> 2 | P11: 628 | Q11: =P11/H11 -> 0.9968254 | S11: 5(包)
A12: 2024/01/03 | B12: D0310 | C12: =VLOOKUP(B12,'112年全品項生產鍋數'!A:H,2,0) -> 草莓蒟蒻餡(1*6kg) | D12: 28 | E12: =VLOOKUP(B12,'112年全品項生產鍋數'!A:H,3,0) -> 6 | F12: =VLOOKUP(B12,'112年全品項生產鍋數'!A:H,7,0) -> 25.7 | G12: =D12*F12 -> 719.6 | H12: 709 | I12: =H12*E12 -> 4254 | J12: =IF(G12=0,"無法預估數據",H12/G12) -> 0.98526959 | K12: =VLOOKUP(B:B,'生產達成率(目標)'!A:C,3,0) -> 1 | L12: =IF(G12=0,"無法預估數據",ROUND(J12-K12,3)) -> -0.015 | O12: =H12-N12-P12 -> 5 | P12: 704 | Q12: =P12/H12 -> 0.99294781
A13: 2024/01/03 | B13: D0330 | C13: =VLOOKUP(B13,'112年全品項生產鍋數'!A:H,2,0) -> 藍莓餡(1*6KG) | D13: 20 | E13: =VLOOKUP(B13,'112年全品項生產鍋數'!A:H,3,0) -> 6 | F13: =VLOOKUP(B13,'112年全品項生產鍋數'!A:H,7,0) -> 25.4 | G13: =D13*F13 -> 508 | H13: 487 | I13: =H13*E13 -> 2922 | J13: =IF(G13=0,"無法預估數據",H13/G13) -> 0.95866142 | K13: =VLOOKUP(B:B,'生產達成率(目標)'!A:C,3,0) -> 1 | L13: =IF(G13=0,"無法預估數據",ROUND(J13-K13,3)) -> -0.041 | O13: =H13-N13-P13 -> 4 | P13: 483 | Q13: =P13/H13 -> 0.99178645
A14: 2024/01/03 | B14: B2011 | C14: =VLOOKUP(B14,'112年全品項生產鍋數'!A:H,2,0) -> ＃1花生(1*2.8kg) | D14: 44 | E14: =VLOOKUP(B14,'112年全品項生產鍋數'!A:H,3,0) -> 2.8 | F14: =VLOOKUP(B14,'112年全品項生產鍋數'!A:H,7,0) -> 44.5 | G14: =D14*F14 -> 1958 | H14: 2110 | I14: =H14*E14 -> 5908 | J14: =IF(G14=0,"無法預估數據",H14/G14) -> 1.0776302 | K14: =VLOOKUP(B:B,'生產達成率(目標)'!A:C,3,0) -> 1 | L14: =IF(G14=0,"無法預估數據",ROUND(J14-K14,3)) -> 0.078 | O14: =H14-N14-P14 -> 1 | P14: 2109 | Q14: =P14/H14 -> 0.99952607
A15: 2024/01/03 | B15: B2031 | C15: =VLOOKUP(B15,'112年全品項生產鍋數'!A:H,2,0) -> ＃2花生(1*800g) | D15: 20 | E15: =VLOOKUP(B15,'112年全品項生產鍋數'!A:H,3,0) -> 0.8 | F15: =VLOOKUP(B15,'112年全品項生產鍋數'!A:H,7,0) -> 157.7 | G15: =D15*F15 -> 3154 | H15: 3127 | I15: =H15*E15 -> 2501.6 | J15: =IF(G15=0,"無法預估數據",H15/G15) -> 0.99143944 | K15: =VLOOKUP(B:B,'生產達成率(目標)'!A:C,3,0) -> 1 | L15: =IF(G15=0,"無法預估數據",ROUND(J15-K15,3)) -> -0.009 | O15: =H15-N15-P15 -> 2 | P15: 3125 | Q15: =P15/H15 -> 0.99936041 | S15: 54kg
A16: 2024/01/04 | B16: B1040 | C16: =VLOOKUP(B16,'112年全品項生產鍋數'!A:H,2,0) -> #2草莓果醬(1*900g) | D16: 16.3 | E16: =VLOOKUP(B16,'112年全品項生產鍋數'!A:H,3,0) -> 0.9 | F16: =VLOOKUP(B16,'112年全品項生產鍋數'!A:H,7,0) -> 160.5 | G16: =D16*F16 -> 2616.15 | H16: 2696 | I16: =H16*E16 -> 2426.4 | J16: =IF(G16=0,"無法預估數據",H16/G16) -> 1.030522 | K16: =VLOOKUP(B:B,'生產達成率(目標)'!A:C,3,0) -> 1 | L16: =IF(G16=0,"無法預估數據",ROUND(J16-K16,3)) -> 0.031 | O16: =H16-N16-P16 -> 2 | P16: 2694 | Q16: =P16/H16 -> 0.99925816 | R16: 1130104-01A | T16: 含600美之城
A17: 2024/01/04 | B17: D2010 | C17: =VLOOKUP(B17,'112年全品項生產鍋數'!A:H,2,0) -> 美芝城草莓醬(1*9kg) | D17: 3.7 | E17: =VLOOKUP(B17,'112年全品項生產鍋數'!A:H,3,0) -> 0.9 | F17: =VLOOKUP(B17,'112年全品項生產鍋數'!A:H,7,0) -> 158.7 | G17: =D17*F17 -> 587.19 | H17: 600 | I17: =H17*E17 -> 540 | J17: =IF(G17=0,"無法預估數據",H17/G17) -> 1.0218158 | K17: =VLOOKUP(B:B,'生產達成率(目標)'!A:C,3,0) -> 1 | L17: =IF(G17=0,"無法預估數據",ROUND(J17-K17,3)) -> 0.022 | O17: =H17-N17-P17 -> 0 | P17: 600 | Q17: =P17/H17 -> 1
A18: 2024/01/04 | B18: B1011 | C18: =VLOOKUP(B18,'112年全品項生產鍋數'!A:H,2,0) -> ＃1草莓(1*3.2kg) | D18: 44 | E18: =VLOOKUP(B18,'112年全品項生產鍋數'!A:H,3,0) -> 3.2 | F18: =VLOOKUP(B18,'112年全品項生產鍋數'!A:H,7,0) -> 46.8 | G18: =D18*F18 -> 2059.2 | H18: 2026 | I18: =H18*E18 -> 6483.2 | J18: =IF(G18=0,"無法預估數據",H18/G18) -> 0.98387723 | K18: =VLOOKUP(B:B,'生產達成率(目標)'!A:C,3,0) -> 1 | L18: =IF(G18=0,"無法預估數據",ROUND(J18-K18,3)) -> -0.016 | O18: =H18-N18-P18 -> 3 | P18: 2023 | Q18: =P18/H18 -> 0.99851925
A19: 2024/01/04 | B19: D0113 | C19: =VLOOKUP(B19,'112年全品項生產鍋數'!A:H,2,0) -> 草莓餡45%(1*6Kg) | D19: 20 | E19: =VLOOKUP(B19,'112年全品項生產鍋數'!A:H,3,0) -> 6 | F19: =VLOOKUP(B19,'112年全品項生產鍋數'!A:H,7,0) -> 26.1 | G19: =D19*F19 -> 522 | H19: 517 | I19: =H19*E19 -> 3102 | J19: =IF(G19=0,"無法預估數據",H19/G19) -> 0.99042146 | K19: =VLOOKUP(B:B,'生產達成率(目標)'!A:C,3,0) -> 1 | L19: =IF(G19=0,"無法預估數據",ROUND(J19-K19,3)) -> -0.01 | O19: =H19-N19-P19 -> 1 | P19: 516 | Q19: =P19/H19 -> 0.99806576
A20: 2024/01/04 | B20: D0310 | C20: =VLOOKUP(B20,'112年全品項生產鍋數'!A:H,2,0) -> 草莓蒟蒻餡(1*6kg) | D20: 24 | E20: =VLOOKUP(B20,'112年全品項生產鍋數'!A:H,3,0) -> 6 | F20: =VLOOKUP(B20,'112年全品項生產鍋數'!A:H,7,0) -> 25.7 | G20: =D20*F20 -> 616.8 | H20: 614 | I20: =H20*E20 -> 3684 | J20: =IF(G20=0,"無法預估數據",H20/G20) -> 0.99546044 | K20: =VLOOKUP(B:B,'生產達成率(目標)'!A:C,3,0) -> 1 | L20: =IF(G20=0,"無法預估數據",ROUND(J20-K20,3)) -> -0.005 | O20: =H20-N20-P20 -> 3 | P20: 611 | Q20: =P20/H20 -> 0.99511401
A21: 2024/01/04 | B21: D0121 | C21: =VLOOKUP(B21,'112年全品項生產鍋數'!A:H,2,0) -> 顆粒花生醬(1*12KG) | D21: 24 | E21: =VLOOKUP(B21,'112年全品項生產鍋數'!A:H,3,0) -> 3 | F21: =VLOOKUP(B21,'112年全品項生產鍋數'!A:H,7,0) -> 29.7 | G21: =D21*F21 -> 712.8 | H21: 724 | I21: =H21*E21 -> 2172 | J21: =IF(G21=0,"無法預估數據",H21/G21) -> 1.0157127 | K21: =VLOOKUP(B:B,'生產達成率(目標)'!A:C,3,0) -> 1 | L21: =IF(G21=0,"無法預估數據",ROUND(J21-K21,3)) -> 0.016 | O21: =H21-N21-P21 -> 0 | P21: 724 | Q21: =P21/H21 -> 1
A22: 2024/01/05 | B22: D0210 | C22: =VLOOKUP(B22,'112年全品項生產鍋數'!A:H,2,0) -> 草莓醬(1*6kg) | D22: 48 | E22: =VLOOKUP(B22,'112年全品項生產鍋數'!A:H,3,0) -> 6 | F22: =VLOOKUP(B22,'112年全品項生產鍋數'!A:H,7,0) -> 26.6 | G22: =D22*F22 -> 1276.8 | H22: 1242 | I22: =H22*E22 -> 7452 | J22: =IF(G22=0,"無法預估數據",H22/G22) -> 0.97274436 | K22: =VLOOKUP(B:B,'生產達成率(目標)'!A:C,3,0) -> 1 | L22: =IF(G22=0,"無法預估數據",ROUND(J22-K22,3)) -> -0.027 | O22: =H22-N22-P22 -> 8 | P22: 1234 | Q22: =P22/H22 -> 0.99355878 | S22: 1(包)
A23: 2024/01/05 | B23: D0114 | C23: =VLOOKUP(B23,'112年全品項生產鍋數'!A:H,2,0) -> 草莓椰果餡(1*6Kg) | D23: 16 | E23: =VLOOKUP(B23,'112年全品項生產鍋數'!A:H,3,0) -> 6 | F23: =VLOOKUP(B23,'112年全品項生產鍋數'!A:H,7,0) -> 26.4 | G23: =D23*F23 -> 422.4 | H23: 424 | I23: =H23*E23 -> 2544 | J23: =IF(G23=0,"無法預估數據",H23/G23) -> 1.0037879 | K23: =VLOOKUP(B:B,'生產達成率(目標)'!A:C,3,0) -> 1 | L23: =IF(G23=0,"無法預估數據",ROUND(J23-K23,3)) -> 0.004 | O23: =H23-N23-P23 -> 2 | P23: 422 | Q23: =P23/H23 -> 0.99528302
A24: 2024/01/05 | B24: D0111 | C24: =VLOOKUP(B24,'112年全品項生產鍋數'!A:H,2,0) -> 草莓餡(1*6Kg) | D24: 20 | E24: =VLOOKUP(B24,'112年全品項生產鍋數'!A:H,3,0) -> 6 | F24: =VLOOKUP(B24,'112年全品項生產鍋數'!A:H,7,0) -> 25.5 | G24: =D24*F24 -> 510 | H24: 509 | I24: =H24*E24 -> 3054 | J24: =IF(G24=0,"無法預估數據",H24/G24) -> 0.99803922 | K24: =VLOOKUP(B:B,'生產達成率(目標)'!A:C,3,0) -> 1 | L24: =IF(G24=0,"無法預估數據",ROUND(J24-K24,3)) -> -0.002 | O24: =H24-N24-P24 -> 1 | P24: 508 | Q24: =P24/H24 -> 0.99803536
A25: 2024/01/05 | B25: D0610 | C25: =VLOOKUP(B25,'112年全品項生產鍋數'!A:H,2,0) -> 草莓餡50°(1*6Kg) | D25: 16 | E25: =VLOOKUP(B25,'112年全品項生產鍋數'!A:H,3,0) -> 6 | F25: =VLOOKUP(B25,'112年全品項生產鍋數'!A:H,7,0) -> 25 | G25: =D25*F25 -> 400 | H25: 404 | I25: =H25*E25 -> 2424 | J25: =IF(G25=0,"無法預估數據",H25/G25) -> 1.01 | K25: =VLOOKUP(B:B,'生產達成率(目標)'!A:C,3,0) -> 1 | L25: =IF(G25=0,"無法預估數據",ROUND(J25-K25,3)) -> 0.01 | O25: =H25-N25-P25 -> 1 | P25: 403 | Q25: =P25/H25 -> 0.99752475
A26: 2024/01/05 | B26: B2011 | C26: =VLOOKUP(B26,'112年全品項生產鍋數'!A:H,2,0) -> ＃1花生(1*2.8kg) | D26: 72 | E26: =VLOOKUP(B26,'112年全品項生產鍋數'!A:H,3,0) -> 2.8 | F26: =VLOOKUP(B26,'112年全品項生產鍋數'!A:H,7,0) -> 44.5 | G26: =D26*F26 -> 3204 | H26: 3456 | I26: =H26*E26 -> 9676.8 | J26: =IF(G26=0,"無法預估數據",H26/G26) -> 1.0786517 | K26: =VLOOKUP(B:B,'生產達成率(目標)'!A:C,3,0) -> 1 | L26: =IF(G26=0,"無法預估數據",ROUND(J26-K26,3)) -> 0.079 | O26: =H26-N26-P26 -> 1 | P26: 3455 | Q26: =P26/H26 -> 0.99971065 | S26: 69.3kg
A27: 2024/01/06 | B27: B1011 | C27: =VLOOKUP(B27,'112年全品項生產鍋數'!A:H,2,0) -> ＃1草莓(1*3.2kg) | D27: 88 | E27: =VLOOKUP(B27,'112年全品項生產鍋數'!A:H,3,0) -> 3.2 | F27: =VLOOKUP(B27,'112年全品項生產鍋數'!A:H,7,0) -> 46.8 | G27: =D27*F27 -> 4118.4 | H27: 4090 | I27: =H27*E27 -> 13088 | J27: =IF(G27=0,"無法預估數據",H27/G27) -> 0.99310412 | K27: =VLOOKUP(B:B,'生產達成率(目標)'!A:C,3,0) -> 1 | L27: =IF(G27=0,"無法預估數據",ROUND(J27-K27,3)) -> -0.007 | O27: =H27-N27-P27 -> 2 | P27: 4088 | Q27: =P27/H27 -> 0.999511 | R27: 1130106-02A
A28: 2024/01/06 | B28: D0310 | C28: =VLOOKUP(B28,'112年全品項生產鍋數'!A:H,2,0) -> 草莓蒟蒻餡(1*6kg) | D28: 40 | E28: =VLOOKUP(B28,'112年全品項生產鍋數'!A:H,3,0) -> 6 | F28: =VLOOKUP(B28,'112年全品項生產鍋數'!A:H,7,0) -> 25.7 | G28: =D28*F28 -> 1028 | H28: 990 | I28: =H28*E28 -> 5940 | J28: =IF(G28=0,"無法預估數據",H28/G28) -> 0.96303502 | K28: =VLOOKUP(B:B,'生產達成率(目標)'!A:C,3,0) -> 1 | L28: =IF(G28=0,"無法預估數據",ROUND(J28-K28,3)) -> -0.037 | O28: =H28-N28-P28 -> 5 | P28: 985 | Q28: =P28/H28 -> 0.99494949
A29: 2024/01/08 | B29: B5011 | C29: =VLOOKUP(B29,'112年全品項生產鍋數'!A:H,2,0) -> ＃1桔子(1*3.2kg) | D29: 36 | E29: =VLOOKUP(B29,'112年全品項生產鍋數'!A:H,3,0) -> 3.2 | F29: =VLOOKUP(B29,'112年全品項生產鍋數'!A:H,7,0) -> 46.4 | G29: =D29*F29 -> 1670.4 | H29: 1710 | I29: =H29*E29 -> 5472 | J29: =IF(G29=0,"無法預估數據",H29/G29) -> 1.0237069 | K29: =VLOOKUP(B:B,'生產達成率(目標)'!A:C,3,0) -> 1 | L29: =IF(G29=0,"無法預估數據",ROUND(J29-K29,3)) -> 0.024 | O29: =H29-N29-P29 -> 2 | P29: 1708 | Q29: =P29/H29 -> 0.99883041
A30: 2024/01/08 | B30: D0310 | C30: =VLOOKUP(B30,'112年全品項生產鍋數'!A:H,2,0) -> 草莓蒟蒻餡(1*6kg) | D30: 24 | E30: =VLOOKUP(B30,'112年全品項生產鍋數'!A:H,3,0) -> 6 | F30: =VLOOKUP(B30,'112年全品項生產鍋數'!A:H,7,0) -> 25.7 | G30: =D30*F30 -> 616.8 | H30: 610 | I30: =H30*E30 -> 3660 | J30: =IF(G30=0,"無法預估數據",H30/G30) -> 0.98897536 | K30: =VLOOKUP(B:B,'生產達成率(目標)'!A:C,3,0) -> 1 | L30: =IF(G30=0,"無法預估數據",ROUND(J30-K30,3)) -> -0.011 | O30: =H30-N30-P30 -> 3 | P30: 607 | Q30: =P30/H30 -> 0.99508197
A31: 2024/01/08 | B31: D0131 | C31: =VLOOKUP(B31,'112年全品項生產鍋數'!A:H,2,0) -> 藍莓餡(1*6Kg) | D31: 20 | E31: =VLOOKUP(B31,'112年全品項生產鍋數'!A:H,3,0) -> 6 | F31: =VLOOKUP(B31,'112年全品項生產鍋數'!A:H,7,0) -> 25.1 | G31: =D31*F31 -> 502 | H31: 503 | I31: =H31*E31 -> 3018 | J31: =IF(G31=0,"無法預估數據",H31/G31) -> 1.001992 | K31: =VLOOKUP(B:B,'生產達成率(目標)'!A:C,3,0) -> 1 | L31: =IF(G31=0,"無法預估數據",ROUND(J31-K31,3)) -> 0.002 | O31: =H31-N31-P31 -> 2 | P31: 501 | Q31: =P31/H31 -> 0.99602386
A32: 2024/01/08 | B32: A2060 | C32: =VLOOKUP(B32,'112年全品項生產鍋數'!A:H,2,0) -> 顆粒花生醬(全) | D32: 36 | E32: =VLOOKUP(B32,'112年全品項生產鍋數'!A:H,3,0) -> 0.34 | F32: =VLOOKUP(B32,'112年全品項生產鍋數'!A:H,7,0) -> 364.6 | G32: =D32*F32 -> 13125.6 | H32: 12829 | I32: =H32*E32 -> 4361.86 | J32: =IF(G32=0,"無法預估數據",H32/G32) -> 0.97740294 | K32: =VLOOKUP(B:B,'生產達成率(目標)'!A:C,3,0) -> 1 | L32: =IF(G32=0,"無法預估數據",ROUND(J32-K32,3)) -> -0.023 | O32: =H32-N32-P32 -> 3 | P32: 12826 | Q32: =P32/H32 -> 0.99976615
A33: 2024/01/08 | B33: A2050 | C33: =VLOOKUP(B33,'112年全品項生產鍋數'!A:H,2,0) -> PET瓶花生(粒)(1*340g) | D33: 4.88 | E33: =VLOOKUP(B33,'112年全品項生產鍋數'!A:H,3,0) -> 0.34 | F33: =VLOOKUP(B33,'112年全品項生產鍋數'!A:H,7,0) -> 366 | G33: =D33*F33 -> 1786.08 | H33: 1721 | I33: =H33*E33 -> 585.14 | J33: =IF(G33=0,"無法預估數據",H33/G33) -> 0.96356266 | K33: =VLOOKUP(B:B,'生產達成率(目標)'!A:C,3,0) -> 1 | L33: =IF(G33=0,"無法預估數據",ROUND(J33-K33,3)) -> -0.036 | O33: =H33-N33-P33 -> 5 | P33: 1716 | Q33: =P33/H33 -> 0.99709471 | S33: 43kg | T33: 含佳樂美200箱
A34: 2024/01/08 | B34: E0121 | C34: =VLOOKUP(B34,'112年全品項生產鍋數'!A:H,2,0) -> 佳樂美花生醬(粒)(1*340g) | D34: 7.12 | E34: =VLOOKUP(B34,'112年全品項生產鍋數'!A:H,3,0) -> 0.34 | F34: =VLOOKUP(B34,'112年全品項生產鍋數'!A:H,7,0) -> 366 | G34: =D34*F34 -> 2605.92 | H34: 2640 | I34: =H34*E34 -> 897.6 | J34: =IF(G34=0,"無法預估數據",H34/G34) -> 1.0130779 | K34: 1 | L34: =IF(G34=0,"無法預估數據",ROUND(J34-K34,3)) -> 0.013 | O34: =H34-N34-P34 -> 0 | P34: 2640 | Q34: =P34/H34 -> 1
A35: 2024/01/09 | B35: B3020 | C35: =VLOOKUP(B35,'112年全品項生產鍋數'!A:H,2,0) -> ＃2藍莓(1*900g) | D35: 20 | E35: =VLOOKUP(B35,'112年全品項生產鍋數'!A:H,3,0) -> 0.9 | F35: =VLOOKUP(B35,'112年全品項生產鍋數'!A:H,7,0) -> 163 | G35: =D35*F35 -> 3260 | H35: 3399 | I35: =H35*E35 -> 3059.1 | J35: =IF(G35=0,"無法預估數據",H35/G35) -> 1.042638 | K35: =VLOOKUP(B:B,'生產達成率(目標)'!A:C,3,0) -> 1 | L35: =IF(G35=0,"無法預估數據",ROUND(J35-K35,3)) -> 0.043 | O35: =H35-N35-P35 -> 2 | P35: 3397 | Q35: =P35/H35 -> 0.99941159 | S35: 1(包)
A36: 2024/01/09 | B36: B3011 | C36: =VLOOKUP(B36,'112年全品項生產鍋數'!A:H,2,0) -> ＃1藍莓(1*3.2kg) | D36: 36 | E36: =VLOOKUP(B36,'112年全品項生產鍋數'!A:H,3,0) -> 3.2 | F36: =VLOOKUP(B36,'112年全品項生產鍋數'!A:H,7,0) -> 47.5 | G36: =D36*F36 -> 1710 | H36: 1666 | I36: =H36*E36 -> 5331.2 | J36: =IF(G36=0,"無法預估數據",H36/G36) -> 0.97426901 | K36: =VLOOKUP(B:B,'生產達成率(目標)'!A:C,3,0) -> 1 | L36: =IF(G36=0,"無法預估數據",ROUND(J36-K36,3)) -> -0.026 | O36: =H36-N36-P36 -> 1 | P36: 1665 | Q36: =P36/H36 -> 0.99939976 | S36: 2(包)
A37: 2024/01/09 | B37: D2212 | C37: =VLOOKUP(B37,'112年全品項生產鍋數'!A:H,2,0) -> 草莓餡(1*6KG) | D37: 40 | E37: =VLOOKUP(B37,'112年全品項生產鍋數'!A:H,3,0) -> 6 | F37: =VLOOKUP(B37,'112年全品項生產鍋數'!A:H,7,0) -> 25.5 | G37: =D37*F37 -> 1020 | H37: 1028 | I37: =H37*E37 -> 6168 | J37: =IF(G37=0,"無法預估數據",H37/G37) -> 1.0078431 | K37: =VLOOKUP(B:B,'生產達成率(目標)'!A:C,3,0) -> 1 | L37: =IF(G37=0,"無法預估數據",ROUND(J37-K37,3)) -> 0.008 | O37: =H37-N37-P37 -> 1 | P37: 1027 | Q37: =P37/H37 -> 0.99902724
A38: 2024/01/09 | B38: D9920 | C38: =VLOOKUP(B38,'112年全品項生產鍋數'!A:H,2,0) -> 花生醬（1*18kg) | D38: 9 | E38: =VLOOKUP(B38,'112年全品項生產鍋數'!A:H,3,0) -> 18 | F38: =VLOOKUP(B38,'112年全品項生產鍋數'!A:H,7,0) -> 6.7 | G38: =D38*F38 -> 60.3 | H38: 60 | I38: =H38*E38 -> 1080 | J38: =IF(G38=0,"無法預估數據",H38/G38) -> 0.99502488 | K38: =VLOOKUP(B:B,'生產達成率(目標)'!A:C,3,0) -> 1 | L38: =IF(G38=0,"無法預估數據",ROUND(J38-K38,3)) -> -0.005 | O38: =H38-N38-P38 -> 0 | P38: 60 | Q38: =P38/H38 -> 1
A39: 2024/01/09 | B39: B2011 | C39: =VLOOKUP(B39,'112年全品項生產鍋數'!A:H,2,0) -> ＃1花生(1*2.8kg) | D39: 50 | E39: =VLOOKUP(B39,'112年全品項生產鍋數'!A:H,3,0) -> 2.8 | F39: =VLOOKUP(B39,'112年全品項生產鍋數'!A:H,7,0) -> 44.5 | G39: =D39*F39 -> 2225 | H39: 2502 | I39: =H39*E39 -> 7005.6 | J39: =IF(G39=0,"無法預估數據",H39/G39) -> 1.1244944 | K39: =VLOOKUP(B:B,'生產達成率(目標)'!A:C,3,0) -> 1 | L39: =IF(G39=0,"無法預估數據",ROUND(J39-K39,3)) -> 0.124 | O39: =H39-N39-P39 -> 1 | P39: 2501 | Q39: =P39/H39 -> 0.99960032 | S39: 65kg
A40: 2024/01/10 | B40: A1020 | C40: =VLOOKUP(B40,'112年全品項生產鍋數'!A:H,2,0) -> 大圓草莓-新 | D40: 24 | E40: =VLOOKUP(B40,'112年全品項生產鍋數'!A:H,3,0) -> 0.44 | F40: =VLOOKUP(B40,'112年全品項生產鍋數'!A:H,7,0) -> 344 | G40: =D40*F40 -> 8256 | H40: 8071 | I40: =H40*E40 -> 3551.24 | J40: =IF(G40=0,"無法預估數據",H40/G40) -> 0.97759205 | K40: =VLOOKUP(B:B,'生產達成率(目標)'!A:C,3,0) -> 1 | L40: =IF(G40=0,"無法預估數據",ROUND(J40-K40,3)) -> -0.022 | O40: =H40-N40-P40 -> 9 | P40: 8062 | Q40: =P40/H40 -> 0.9988849
A41: 2024/01/10 | B41: A1050 | C41: =VLOOKUP(B41,'112年全品項生產鍋數'!A:H,2,0) -> 梨山草莓果醬(1*430g) | D41: 12 | E41: =VLOOKUP(B41,'112年全品項生產鍋數'!A:H,3,0) -> 0.43 | F41: =VLOOKUP(B41,'112年全品項生產鍋數'!A:H,7,0) -> 340.4 | G41: =D41*F41 -> 4084.8 | H41: 4032 | I41: =H41*E41 -> 1733.76 | J41: =IF(G41=0,"無法預估數據",H41/G41) -> 0.98707403 | K41: =VLOOKUP(B:B,'生產達成率(目標)'!A:C,3,0) -> 1 | L41: =IF(G41=0,"無法預估數據",ROUND(J41-K41,3)) -> -0.013 | O41: =H41-N41-P41 -> 4 | P41: 4028 | Q41: =P41/H41 -> 0.99900794
A42: 2024/01/10 | B42: D0730 | C42: =VLOOKUP(B42,'112年全品項生產鍋數'!A:H,2,0) -> 藍莓果茶(1*420g) | D42: 4 | E42: =VLOOKUP(B42,'112年全品項生產鍋數'!A:H,3,0) -> 0.42 | F42: =VLOOKUP(B42,'112年全品項生產鍋數'!A:H,7,0) -> 364 | G42: =D42*F42 -> 1456 | H42: 1464 | I42: =H42*E42 -> 614.88 | J42: =IF(G42=0,"無法預估數據",H42/G42) -> 1.0054945 | K42: =VLOOKUP(B:B,'生產達成率(目標)'!A:C,3,0) -> 1 | L42: =IF(G42=0,"無法預估數據",ROUND(J42-K42,3)) -> 0.005 | O42: =H42-N42-P42 -> 5 | P42: 1459 | Q42: =P42/H42 -> 0.9965847
A43: 2024/01/10 | B43: D0310 | C43: =VLOOKUP(B43,'112年全品項生產鍋數'!A:H,2,0) -> 草莓蒟蒻餡(1*6kg) | D43: 28 | E43: =VLOOKUP(B43,'112年全品項生產鍋數'!A:H,3,0) -> 6 | F43: =VLOOKUP(B43,'112年全品項生產鍋數'!A:H,7,0) -> 25.7 | G43: =D43*F43 -> 719.6 | H43: 717 | I43: =H43*E43 -> 4302 | J43: =IF(G43=0,"無法預估數據",H43/G43) -> 0.99638688 | K43: =VLOOKUP(B:B,'生產達成率(目標)'!A:C,3,0) -> 1 | L43: =IF(G43=0,"無法預估數據",ROUND(J43-K43,3)) -> -0.004 | O43: =H43-N43-P43 -> 4 | P43: 713 | Q43: =P43/H43 -> 0.9944212
A44: 2024/01/10 | B44: D1410 | C44: =VLOOKUP(B44,'112年全品項生產鍋數'!A:H,2,0) -> 草莓餡42°(1*6KG) | D44: 20 | E44: =VLOOKUP(B44,'112年全品項生產鍋數'!A:H,3,0) -> 6 | F44: =VLOOKUP(B44,'112年全品項生產鍋數'!A:H,7,0) -> 25.2 | G44: =D44*F44 -> 504 | H44: 503 | I44: =H44*E44 -> 3018 | J44: =IF(G44=0,"無法預估數據",H44/G44) -> 0.99801587 | K44: =VLOOKUP(B:B,'生產達成率(目標)'!A:C,3,0) -> 1 | L44: =IF(G44=0,"無法預估數據",ROUND(J44-K44,3)) -> -0.002 | O44: =H44-N44-P44 -> 1 | P44: 502 | Q44: =P44/H44 -> 0.99801193
A45: 2024/01/10 | B45: B2011 | C45: =VLOOKUP(B45,'112年全品項生產鍋數'!A:H,2,0) -> ＃1花生(1*2.8kg) | D45: 48.8 | E45: =VLOOKUP(B45,'112年全品項生產鍋數'!A:H,3,0) -> 2.8 | F45: =VLOOKUP(B45,'112年全品項生產鍋數'!A:H,7,0) -> 44.5 | G45: =D45*F45 -> 2171.6 | H45: 2287 | I45: =H45*E45 -> 6403.6 | J45: =IF(G45=0,"無法預估數據",H45/G45) -> 1.0531405 | K45: =VLOOKUP(B:B,'生產達成率(目標)'!A:C,3,0) -> 1 | L45: =IF(G45=0,"無法預估數據",ROUND(J45-K45,3)) -> 0.053 | O45: =H45-N45-P45 -> 1 | P45: 2286 | Q45: =P45/H45 -> 0.99956275 | S45: 60kg | T45: 含美之城100箱
A46: 2024/01/10 | B46: D2021 | C46: =VLOOKUP(B46,'112年全品項生產鍋數'!A:H,2,0) -> 美芝城花生醬(1*2.8kg) | D46: 11.2 | E46: =VLOOKUP(B46,'112年全品項生產鍋數'!A:H,3,0) -> 2.8 | F46: =VLOOKUP(B46,'112年全品項生產鍋數'!A:H,7,0) -> 46 | G46: =D46*F46 -> 515.2 | H46: 600 | I46: =H46*E46 -> 1680 | J46: =IF(G46=0,"無法預估數據",H46/G46) -> 1.1645963 | K46: =VLOOKUP(B:B,'生產達成率(目標)'!A:C,3,0) -> 1 | L46: =IF(G46=0,"無法預估數據",ROUND(J46-K46,3)) -> 0.165 | O46: =H46-N46-P46 -> 0 | P46: 600 | Q46: =P46/H46 -> 1
A47: 2024/01/11 | B47: B1011 | C47: =VLOOKUP(B47,'112年全品項生產鍋數'!A:H,2,0) -> ＃1草莓(1*3.2kg) | D47: 40 | E47: =VLOOKUP(B47,'112年全品項生產鍋數'!A:H,3,0) -> 3.2 | F47: =VLOOKUP(B47,'112年全品項生產鍋數'!A:H,7,0) -> 46.8 | G47: =D47*F47 -> 1872 | H47: 1875 | I47: =H47*E47 -> 6000 | J47: =IF(G47=0,"無法預估數據",H47/G47) -> 1.0016026 | K47: =VLOOKUP(B:B,'生產達成率(目標)'!A:C,3,0) -> 1 | L47: =IF(G47=0,"無法預估數據",ROUND(J47-K47,3)) -> 0.002 | O47: =H47-N47-P47 -> 1 | P47: 1874 | Q47: =P47/H47 -> 0.99946667
A48: 2024/01/11 | B48: B1040 | C48: =VLOOKUP(B48,'112年全品項生產鍋數'!A:H,2,0) -> #2草莓果醬(1*900g) | D48: 20 | E48: =VLOOKUP(B48,'112年全品項生產鍋數'!A:H,3,0) -> 0.9 | F48: =VLOOKUP(B48,'112年全品項生產鍋數'!A:H,7,0) -> 160.5 | G48: =D48*F48 -> 3210 | H48: 3209 | I48: =H48*E48 -> 2888.1 | J48: =IF(G48=0,"無法預估數據",H48/G48) -> 0.99968847 | K48: =VLOOKUP(B:B,'生產達成率(目標)'!A:C,3,0) -> 1 | L48: =IF(G48=0,"無法預估數據",ROUND(J48-K48,3)) -> 0 | O48: =H48-N48-P48 -> 3 | P48: 3206 | Q48: =P48/H48 -> 0.99906513
A49: 2024/01/11 | B49: D0310 | C49: =VLOOKUP(B49,'112年全品項生產鍋數'!A:H,2,0) -> 草莓蒟蒻餡(1*6kg) | D49: 24 | E49: =VLOOKUP(B49,'112年全品項生產鍋數'!A:H,3,0) -> 6 | F49: =VLOOKUP(B49,'112年全品項生產鍋數'!A:H,7,0) -> 25.7 | G49: =D49*F49 -> 616.8 | H49: 619 | I49: =H49*E49 -> 3714 | J49: =IF(G49=0,"無法預估數據",H49/G49) -> 1.0035668 | K49: =VLOOKUP(B:B,'生產達成率(目標)'!A:C,3,0) -> 1 | L49: =IF(G49=0,"無法預估數據",ROUND(J49-K49,3)) -> 0.004 | O49: =H49-N49-P49 -> 12 | P49: 607 | Q49: =P49/H49 -> 0.98061389
A50: 2024/01/11 | B50: D0330 | C50: =VLOOKUP(B50,'112年全品項生產鍋數'!A:H,2,0) -> 藍莓餡(1*6KG) | D50: 24 | E50: =VLOOKUP(B50,'112年全品項生產鍋數'!A:H,3,0) -> 6 | F50: =VLOOKUP(B50,'112年全品項生產鍋數'!A:H,7,0) -> 25.4 | G50: =D50*F50 -> 609.6 | H50: 603 | I50: =H50*E50 -> 3618 | J50: =IF(G50=0,"無法預估數據",H50/G50) -> 0.98917323 | K50: =VLOOKUP(B:B,'生產達成率(目標)'!A:C,3,0) -> 1 | L50: =IF(G50=0,"無法預估數據",ROUND(J50-K50,3)) -> -0.011 | O50: =H50-N50-P50 -> 3 | P50: 600 | Q50: =P50/H50 -> 0.99502488
A51: 2024/01/11 | B51: A2040 | C51: =VLOOKUP(B51,'112年全品項生產鍋數'!A:H,2,0) -> PET瓶花生(1*340g) | D51: 12 | E51: =VLOOKUP(B51,'112年全品項生產鍋數'!A:H,3,0) -> 0.34 | F51: =VLOOKUP(B51,'112年全品項生產鍋數'!A:H,7,0) -> 358.3 | G51: =D51*F51 -> 4299.6 | H51: 4289 | I51: =H51*E51 -> 1458.26 | J51: =IF(G51=0,"無法預估數據",H51/G51) -> 0.99753465 | K51: =VLOOKUP(B:B,'生產達成率(目標)'!A:C,3,0) -> 1 | L51: =IF(G51=0,"無法預估數據",ROUND(J51-K51,3)) -> -0.002 | O51: =H51-N51-P51 -> 3 | P51: 4286 | Q51: =P51/H51 -> 0.99930054
A52: 2024/01/11 | B52: D9922 | C52: =VLOOKUP(B52,'112年全品項生產鍋數'!A:H,2,0) -> 花生醬(1*18KG) | D52: 8 | E52: =VLOOKUP(B52,'112年全品項生產鍋數'!A:H,3,0) -> 18 | F52: =VLOOKUP(B52,'112年全品項生產鍋數'!A:H,7,0) -> 6.6 | G52: =D52*F52 -> 52.8 | H52: 56 | I52: =H52*E52 -> 1008 | J52: =IF(G52=0,"無法預估數據",H52/G52) -> 1.0606061 | K52: =VLOOKUP(B:B,'生產達成率(目標)'!A:C,3,0) -> 1 | L52: =IF(G52=0,"無法預估數據",ROUND(J52-K52,3)) -> 0.061 | O52: =H52-N52-P52 -> 0 | P52: 56 | Q52: =P52/H52 -> 1
A53: 2024/01/11 | B53: B2011 | C53: =VLOOKUP(B53,'112年全品項生產鍋數'!A:H,2,0) -> ＃1花生(1*2.8kg) | D53: 24 | E53: =VLOOKUP(B53,'112年全品項生產鍋數'!A:H,3,0) -> 2.8 | F53: =VLOOKUP(B53,'112年全品項生產鍋數'!A:H,7,0) -> 44.5 | G53: =D53*F53 -> 1068 | H53: 1163 | I53: =H53*E53 -> 3256.4 | J53: =IF(G53=0,"無法預估數據",H53/G53) -> 1.0889513 | K53: =VLOOKUP(B:B,'生產達成率(目標)'!A:C,3,0) -> 1 | L53: =IF(G53=0,"無法預估數據",ROUND(J53-K53,3)) -> 0.089 | O53: =H53-N53-P53 -> 1 | P53: 1162 | Q53: =P53/H53 -> 0.99914015 | S53: 57kg
A54: 2024/01/12 | B54: D0250 | C54: =VLOOKUP(B54,'112年全品項生產鍋數'!A:H,2,0) -> 葡萄奇異果醬(1*6kg) | D54: 5 | E54: =VLOOKUP(B54,'112年全品項生產鍋數'!A:H,3,0) -> 6 | F54: =VLOOKUP(B54,'112年全品項生產鍋數'!A:H,7,0) -> 24.3 | G54: =D54*F54 -> 121.5 | H54: 118 | I54: =H54*E54 -> 708 | J54: =IF(G54=0,"無法預估數據",H54/G54) -> 0.97119342 | K54: =VLOOKUP(B:B,'生產達成率(目標)'!A:C,3,0) -> 1 | L54: =IF(G54=0,"無法預估數據",ROUND(J54-K54,3)) -> -0.029 | O54: =H54-N54-P54 -> 1 | P54: 117 | Q54: =P54/H54 -> 0.99152542
A55: 2024/01/12 | B55: D0242 | C55: =VLOOKUP(B55,'112年全品項生產鍋數'!A:H,2,0) -> 芒果蜜桃醬(1*6kg) | D55: 12 | E55: =VLOOKUP(B55,'112年全品項生產鍋數'!A:H,3,0) -> 6 | F55: =VLOOKUP(B55,'112年全品項生產鍋數'!A:H,7,0) -> 25.6 | G55: =D55*F55 -> 307.2 | H55: 303 | I55: =H55*E55 -> 1818 | J55: =IF(G55=0,"無法預估數據",H55/G55) -> 0.98632812 | K55: =VLOOKUP(B:B,'生產達成率(目標)'!A:C,3,0) -> 1 | L55: =IF(G55=0,"無法預估數據",ROUND(J55-K55,3)) -> -0.014 | O55: =H55-N55-P55 -> 4 | P55: 299 | Q55: =P55/H55 -> 0.98679868
A56: 2024/01/12 | B56: D0210 | C56: =VLOOKUP(B56,'112年全品項生產鍋數'!A:H,2,0) -> 草莓醬(1*6kg) | D56: 20 | E56: =VLOOKUP(B56,'112年全品項生產鍋數'!A:H,3,0) -> 6 | F56: =VLOOKUP(B56,'112年全品項生產鍋數'!A:H,7,0) -> 26.6 | G56: =D56*F56 -> 532 | H56: 515 | I56: =H56*E56 -> 3090 | J56: =IF(G56=0,"無法預估數據",H56/G56) -> 0.96804511 | K56: =VLOOKUP(B:B,'生產達成率(目標)'!A:C,3,0) -> 1 | L56: =IF(G56=0,"無法預估數據",ROUND(J56-K56,3)) -> -0.032 | O56: =H56-N56-P56 -> 2 | P56: 513 | Q56: =P56/H56 -> 0.9961165
A57: 2024/01/12 | B57: C1020 | C57: =VLOOKUP(B57,'112年全品項生產鍋數'!A:H,2,0) -> 天天開心草莓餡4.5KG | D57: 12 | E57: =VLOOKUP(B57,'112年全品項生產鍋數'!A:H,3,0) -> 4.5 | F57: =VLOOKUP(B57,'112年全品項生產鍋數'!A:H,7,0) -> 36.3 | G57: =D57*F57 -> 435.6 | H57: 418 | I57: =H57*E57 -> 1881 | J57: =IF(G57=0,"無法預估數據",H57/G57) -> 0.95959596 | K57: =VLOOKUP(B:B,'生產達成率(目標)'!A:C,3,0) -> 1 | L57: =IF(G57=0,"無法預估數據",ROUND(J57-K57,3)) -> -0.04 | O57: =H57-N57-P57 -> 0 | P57: 418 | Q57: =P57/H57 -> 1
A58: 2024/01/12 | B58: C9050 | C58: =VLOOKUP(B58,'112年全品項生產鍋數'!A:H,2,0) -> 上好佳綜合莓餡4.5KG | D58: 3 | E58: =VLOOKUP(B58,'112年全品項生產鍋數'!A:H,3,0) -> 4.5 | F58: =VLOOKUP(B58,'112年全品項生產鍋數'!A:H,7,0) -> 32.8 | G58: =D58*F58 -> 98.4 | H58: 100 | I58: =H58*E58 -> 450 | J58: =IF(G58=0,"無法預估數據",H58/G58) -> 1.0162602 | K58: =VLOOKUP(B:B,'生產達成率(目標)'!A:C,3,0) -> 1 | L58: =IF(G58=0,"無法預估數據",ROUND(J58-K58,3)) -> 0.016 | O58: =H58-N58-P58 -> 0 | P58: 100 | Q58: =P58/H58 -> 1
A59: 2024/01/12 | B59: D0910 | C59: =VLOOKUP(B59,'112年全品項生產鍋數'!A:H,2,0) -> 耐烤草莓餡(1*4.5KG) | D59: 15 | E59: =VLOOKUP(B59,'112年全品項生產鍋數'!A:H,3,0) -> 4.5 | F59: =VLOOKUP(B59,'112年全品項生產鍋數'!A:H,7,0) -> 36 | G59: =D59*F59 -> 540 | H59: 539 | I59: =H59*E59 -> 2425.5 | J59: =IF(G59=0,"無法預估數據",H59/G59) -> 0.99814815 | K59: =VLOOKUP(B:B,'生產達成率(目標)'!A:C,3,0) -> 1 | L59: =IF(G59=0,"無法預估數據",ROUND(J59-K59,3)) -> -0.002 | O59: =H59-N59-P59 -> 0 | P59: 539 | Q59: =P59/H59 -> 1
A60: 2024/01/12 | B60: D9921 | C60: =VLOOKUP(B60,'112年全品項生產鍋數'!A:H,2,0) -> 顆粒花生醬（1*18kg) | D60: 7.14 | E60: =VLOOKUP(B60,'112年全品項生產鍋數'!A:H,3,0) -> 18 | F60: =VLOOKUP(B60,'112年全品項生產鍋數'!A:H,7,0) -> 7 | G60: =D60*F60 -> 49.98 | H60: 50 | I60: =H60*E60 -> 900 | J60: =IF(G60=0,"無法預估數據",H60/G60) -> 1.0004002 | K60: =VLOOKUP(B:B,'生產達成率(目標)'!A:C,3,0) -> 1 | L60: =IF(G60=0,"無法預估數據",ROUND(J60-K60,3)) -> 0 | O60: =H60-N60-P60 -> 0 | P60: 50 | Q60: =P60/H60 -> 1
A61: 2024/01/12 | B61: B2021 | C61: =VLOOKUP(B61,'112年全品項生產鍋數'!A:H,2,0) -> ＃1花生(粒)(1*2.8kg) | D61: 52.86 | E61: =VLOOKUP(B61,'112年全品項生產鍋數'!A:H,3,0) -> 2.8 | F61: =VLOOKUP(B61,'112年全品項生產鍋數'!A:H,7,0) -> 44.2 | G61: =D61*F61 -> 2336.412 | H61: 2350 | I61: =H61*E61 -> 6580 | J61: =IF(G61=0,"無法預估數據",H61/G61) -> 1.0058158 | K61: =VLOOKUP(B:B,'生產達成率(目標)'!A:C,3,0) -> 1 | L61: =IF(G61=0,"無法預估數據",ROUND(J61-K61,3)) -> 0.006 | O61: =H61-N61-P61 -> 1 | P61: 2349 | Q61: =P61/H61 -> 0.99957447
A62: 2024/01/13 | B62: D0310 | C62: =VLOOKUP(B62,'112年全品項生產鍋數'!A:H,2,0) -> 草莓蒟蒻餡(1*6kg) | D62: 24 | E62: =VLOOKUP(B62,'112年全品項生產鍋數'!A:H,3,0) -> 6 | F62: =VLOOKUP(B62,'112年全品項生產鍋數'!A:H,7,0) -> 25.7 | G62: =D62*F62 -> 616.8 | H62: 614 | I62: =H62*E62 -> 3684 | J62: =IF(G62=0,"無法預估數據",H62/G62) -> 0.99546044 | K62: =VLOOKUP(B:B,'生產達成率(目標)'!A:C,3,0) -> 1 | L62: =IF(G62=0,"無法預估數據",ROUND(J62-K62,3)) -> -0.005 | O62: =H62-N62-P62 -> 3 | P62: 611 | Q62: =P62/H62 -> 0.99511401 | S62: 50kg
A63: 2024/01/13 | B63: D0820 | C63: =VLOOKUP(B63,'112年全品項生產鍋數'!A:H,2,0) -> 花生醬(1*3.5KG) | D63: 9 | E63: =VLOOKUP(B63,'112年全品項生產鍋數'!A:H,3,0) -> 3.5 | F63: =VLOOKUP(B63,'112年全品項生產鍋數'!A:H,7,0) -> 25.4 | G63: =D63*F63 -> 228.6 | H63: 230 | I63: =H63*E63 -> 805 | J63: =IF(G63=0,"無法預估數據",H63/G63) -> 1.0061242 | K63: =VLOOKUP(B:B,'生產達成率(目標)'!A:C,3,0) -> 1 | L63: =IF(G63=0,"無法預估數據",ROUND(J63-K63,3)) -> 0.006 | O63: =H63-N63-P63 -> 0 | P63: 230 | Q63: =P63/H63 -> 1
A64: 2024/01/15 | B64: A3010 | C64: =VLOOKUP(B64,'112年全品項生產鍋數'!A:H,2,0) -> 小藍莓1*260G | D64: 12 | E64: =VLOOKUP(B64,'112年全品項生產鍋數'!A:H,3,0) -> 0.26 | F64: =VLOOKUP(B64,'112年全品項生產鍋數'!A:H,7,0) -> 584.3 | G64: =D64*F64 -> 7011.6 | H64: 7104 | I64: =H64*E64 -> 1847.04 | J64: =IF(G64=0,"無法預估數據",H64/G64) -> 1.0131782 | K64: =VLOOKUP(B:B,'生產達成率(目標)'!A:C,3,0) -> 1 | L64: =IF(G64=0,"無法預估數據",ROUND(J64-K64,3)) -> 0.013 | O64: =H64-N64-P64 -> 14 | P64: 7090 | Q64: =P64/H64 -> 0.99802928
A65: 2024/01/15 | B65: A3011 | C65: =VLOOKUP(B65,'112年全品項生產鍋數'!A:H,2,0) -> 小藍莓1*260G | D65: 4 | E65: =VLOOKUP(B65,'112年全品項生產鍋數'!A:H,3,0) -> 0.26 | F65: =VLOOKUP(B65,'112年全品項生產鍋數'!A:H,7,0) -> 592 | G65: =D65*F65 -> 2368 | H65: 2067 | I65: =H65*E65 -> 537.42 | J65: =IF(G65=0,"無法預估數據",H65/G65) -> 0.87288851 | K65: =VLOOKUP(B:B,'生產達成率(目標)'!A:C,3,0) -> 1 | L65: =IF(G65=0,"無法預估數據",ROUND(J65-K65,3)) -> -0.127 | O65: =H65-N65-P65 -> 4 | P65: 2063 | Q65: =P65/H65 -> 0.99806483
A66: 2024/01/15 | B66: D1130 | C66: =VLOOKUP(B66,'112年全品項生產鍋數'!A:H,2,0) -> 藍莓餡(1*6kg) | D66: 16 | E66: =VLOOKUP(B66,'112年全品項生產鍋數'!A:H,3,0) -> 6 | F66: =VLOOKUP(B66,'112年全品項生產鍋數'!A:H,7,0) -> 26.4 | G66: =D66*F66 -> 422.4 | H66: 421 | I66: =H66*E66 -> 2526 | J66: =IF(G66=0,"無法預估數據",H66/G66) -> 0.99668561 | K66: =VLOOKUP(B:B,'生產達成率(目標)'!A:C,3,0) -> 1 | L66: =IF(G66=0,"無法預估數據",ROUND(J66-K66,3)) -> -0.003 | O66: =H66-N66-P66 -> 1 | P66: 420 | Q66: =P66/H66 -> 0.9976247
A67: 2024/01/15 | B67: D0310 | C67: =VLOOKUP(B67,'112年全品項生產鍋數'!A:H,2,0) -> 草莓蒟蒻餡(1*6kg) | D67: 28 | E67: =VLOOKUP(B67,'112年全品項生產鍋數'!A:H,3,0) -> 6 | F67: =VLOOKUP(B67,'112年全品項生產鍋數'!A:H,7,0) -> 25.7 | G67: =D67*F67 -> 719.6 | H67: 713 | I67: =H67*E67 -> 4278 | J67: =IF(G67=0,"無法預估數據",H67/G67) -> 0.99082824 | K67: =VLOOKUP(B:B,'生產達成率(目標)'!A:C,3,0) -> 1 | L67: =IF(G67=0,"無法預估數據",ROUND(J67-K67,3)) -> -0.009 | O67: =H67-N67-P67 -> 5 | P67: 708 | Q67: =P67/H67 -> 0.99298738
A68: 2024/01/15 | B68: D0120 | C68: =VLOOKUP(B68,'112年全品項生產鍋數'!A:H,2,0) -> 顆粒花生醬(1*12KG) | D68: 21 | E68: =VLOOKUP(B68,'112年全品項生產鍋數'!A:H,3,0) -> 3 | F68: =VLOOKUP(B68,'112年全品項生產鍋數'!A:H,7,0) -> 31.6 | G68: =D68*F68 -> 663.6 | H68: 672 | I68: =H68*E68 -> 2016 | J68: =IF(G68=0,"無法預估數據",H68/G68) -> 1.0126582 | K68: =VLOOKUP(B:B,'生產達成率(目標)'!A:C,3,0) -> 1 | L68: =IF(G68=0,"無法預估數據",ROUND(J68-K68,3)) -> 0.013 | O68: =H68-N68-P68 -> 0 | P68: 672 | Q68: =P68/H68 -> 1
A69: 2024/01/16 | B69: A1020 | C69: =VLOOKUP(B69,'112年全品項生產鍋數'!A:H,2,0) -> 大圓草莓-新 | D69: 24 | E69: =VLOOKUP(B69,'112年全品項生產鍋數'!A:H,3,0) -> 0.44 | F69: =VLOOKUP(B69,'112年全品項生產鍋數'!A:H,7,0) -> 344 | G69: =D69*F69 -> 8256 | H69: 8106 | I69: =H69*E69 -> 3566.64 | J69: =IF(G69=0,"無法預估數據",H69/G69) -> 0.9818314 | K69: =VLOOKUP(B:B,'生產達成率(目標)'!A:C,3,0) -> 1 | L69: =IF(G69=0,"無法預估數據",ROUND(J69-K69,3)) -> -0.018 | O69: =H69-N69-P69 -> 22 | P69: 8084 | Q69: =P69/H69 -> 0.99728596
A70: 2024/01/16 | B70: D0291 | C70: =VLOOKUP(B70,'112年全品項生產鍋數'!A:H,2,0) -> 蔓越莓醬(1*6KG) | D70: 1 | E70: =VLOOKUP(B70,'112年全品項生產鍋數'!A:H,3,0) -> 6 | F70: =VLOOKUP(B70,'112年全品項生產鍋數'!A:H,7,0) -> 25.6 | G70: =D70*F70 -> 25.6 | H70: 23 | I70: =H70*E70 -> 138 | J70: =IF(G70=0,"無法預估數據",H70/G70) -> 0.8984375 | K70: =VLOOKUP(B:B,'生產達成率(目標)'!A:C,3,0) -> 1 | L70: =IF(G70=0,"無法預估數據",ROUND(J70-K70,3)) -> -0.102 | O70: =H70-N70-P70 -> 1 | P70: 22 | Q70: =P70/H70 -> 0.95652174
A71: 2024/01/16 | B71: D2212 | C71: =VLOOKUP(B71,'112年全品項生產鍋數'!A:H,2,0) -> 草莓餡(1*6KG) | D71: 40 | E71: =VLOOKUP(B71,'112年全品項生產鍋數'!A:H,3,0) -> 6 | F71: =VLOOKUP(B71,'112年全品項生產鍋數'!A:H,7,0) -> 25.5 | G71: =D71*F71 -> 1020 | H71: 1024 | I71: =H71*E71 -> 6144 | J71: =IF(G71=0,"無法預估數據",H71/G71) -> 1.0039216 | K71: =VLOOKUP(B:B,'生產達成率(目標)'!A:C,3,0) -> 1 | L71: =IF(G71=0,"無法預估數據",ROUND(J71-K71,3)) -> 0.004 | O71: =H71-N71-P71 -> 3 | P71: 1021 | Q71: =P71/H71 -> 0.99707031
A72: 2024/01/16 | B72: D0122 | C72: =VLOOKUP(B72,'112年全品項生產鍋數'!A:H,2,0) -> 顆粒花生醬(1*12KG) | D72: 21 | E72: =VLOOKUP(B72,'112年全品項生產鍋數'!A:H,3,0) -> 3 | F72: =VLOOKUP(B72,'112年全品項生產鍋數'!A:H,7,0) -> 30.8 | G72: =D72*F72 -> 646.8 | H72: 656 | I72: =H72*E72 -> 1968 | J72: =IF(G72=0,"無法預估數據",H72/G72) -> 1.0142239 | K72: =VLOOKUP(B:B,'生產達成率(目標)'!A:C,3,0) -> 1 | L72: =IF(G72=0,"無法預估數據",ROUND(J72-K72,3)) -> 0.014 | O72: =H72-N72-P72 -> 0 | P72: 656 | Q72: =P72/H72 -> 1
A73: 2024/01/17 | B73: B1011 | C73: =VLOOKUP(B73,'112年全品項生產鍋數'!A:H,2,0) -> ＃1草莓(1*3.2kg) | D73: 60 | E73: =VLOOKUP(B73,'112年全品項生產鍋數'!A:H,3,0) -> 3.2 | F73: =VLOOKUP(B73,'112年全品項生產鍋數'!A:H,7,0) -> 46.8 | G73: =D73*F73 -> 2808 | H73: 2775 | I73: =H73*E73 -> 8880 | J73: =IF(G73=0,"無法預估數據",H73/G73) -> 0.98824786 | K73: =VLOOKUP(B:B,'生產達成率(目標)'!A:C,3,0) -> 1 | L73: =IF(G73=0,"無法預估數據",ROUND(J73-K73,3)) -> -0.012 | O73: =H73-N73-P73 -> 9 | P73: 2766 | Q73: =P73/H73 -> 0.99675676 | R73: 1130117-02A
A74: 2024/01/17 | B74: D0330 | C74: =VLOOKUP(B74,'112年全品項生產鍋數'!A:H,2,0) -> 藍莓餡(1*6KG) | D74: 28 | E74: =VLOOKUP(B74,'112年全品項生產鍋數'!A:H,3,0) -> 6 | F74: =VLOOKUP(B74,'112年全品項生產鍋數'!A:H,7,0) -> 25.4 | G74: =D74*F74 -> 711.2 | H74: 710 | I74: =H74*E74 -> 4260 | J74: =IF(G74=0,"無法預估數據",H74/G74) -> 0.99831271 | K74: =VLOOKUP(B:B,'生產達成率(目標)'!A:C,3,0) -> 1 | L74: =IF(G74=0,"無法預估數據",ROUND(J74-K74,3)) -> -0.002 | O74: =H74-N74-P74 -> 4 | P74: 706 | Q74: =P74/H74 -> 0.9943662
A75: 2024/01/17 | B75: D0610 | C75: =VLOOKUP(B75,'112年全品項生產鍋數'!A:H,2,0) -> 草莓餡50°(1*6Kg) | D75: 16 | E75: =VLOOKUP(B75,'112年全品項生產鍋數'!A:H,3,0) -> 6 | F75: =VLOOKUP(B75,'112年全品項生產鍋數'!A:H,7,0) -> 25 | G75: =D75*F75 -> 400 | H75: 406 | I75: =H75*E75 -> 2436 | J75: =IF(G75=0,"無法預估數據",H75/G75) -> 1.015 | K75: =VLOOKUP(B:B,'生產達成率(目標)'!A:C,3,0) -> 1 | L75: =IF(G75=0,"無法預估數據",ROUND(J75-K75,3)) -> 0.015 | O75: =H75-N75-P75 -> 1 | P75: 405 | Q75: =P75/H75 -> 0.99753695
A76: 2024/01/17 | B76: A2060 | C76: =VLOOKUP(B76,'112年全品項生產鍋數'!A:H,2,0) -> 顆粒花生醬(全) | D76: 26.016 | E76: =VLOOKUP(B76,'112年全品項生產鍋數'!A:H,3,0) -> 0.34 | F76: =VLOOKUP(B76,'112年全品項生產鍋數'!A:H,7,0) -> 364.6 | G76: =D76*F76 -> 9485.4336 | H76: 8751 | I76: =H76*E76 -> 2975.34 | J76: =IF(G76=0,"無法預估數據",H76/G76) -> 0.92257248 | K76: =VLOOKUP(B:B,'生產達成率(目標)'!A:C,3,0) -> 1 | L76: =IF(G76=0,"無法預估數據",ROUND(J76-K76,3)) -> -0.077 | O76: =H76-N76-P76 -> 3 | P76: 8748 | Q76: =P76/H76 -> 0.99965718 | R76: 1130117-01A | T76: 含佳樂美220箱
A77: 2024/01/17 | B77: E0121 | C77: =VLOOKUP(B77,'112年全品項生產鍋數'!A:H,2,0) -> 佳樂美花生醬(粒)(1*340g) | D77: 5.984 | E77: =VLOOKUP(B77,'112年全品項生產鍋數'!A:H,3,0) -> 0.34 | F77: =VLOOKUP(B77,'112年全品項生產鍋數'!A:H,7,0) -> 366 | G77: =D77*F77 -> 2190.144 | H77: 2640 | I77: =H77*E77 -> 897.6 | J77: =IF(G77=0,"無法預估數據",H77/G77) -> 1.2054002 | K77: 1 | L77: =IF(G77=0,"無法預估數據",ROUND(J77-K77,3)) -> 0.205 | O77: =H77-N77-P77 -> 0 | P77: 2640 | Q77: =P77/H77 -> 1
A78: 2024/01/18 | B78: A1040 | C78: =VLOOKUP(B78,'112年全品項生產鍋數'!A:H,2,0) -> 開心草莓果醬(1*430g) | D78: 15 | E78: =VLOOKUP(B78,'112年全品項生產鍋數'!A:H,3,0) -> 0.43 | F78: =VLOOKUP(B78,'112年全品項生產鍋數'!A:H,7,0) -> 364 | G78: =D78*F78 -> 5460 | H78: 5323 | I78: =H78*E78 -> 2288.89 | J78: =IF(G78=0,"無法預估數據",H78/G78) -> 0.97490842 | K78: =VLOOKUP(B:B,'生產達成率(目標)'!A:C,3,0) -> 1 | L78: =IF(G78=0,"無法預估數據",ROUND(J78-K78,3)) -> -0.025 | O78: =H78-N78-P78 -> 9 | P78: 5314 | Q78: =P78/H78 -> 0.99830922
A79: 2024/01/18 | B79: B1011 | C79: =VLOOKUP(B79,'112年全品項生產鍋數'!A:H,2,0) -> ＃1草莓(1*3.2kg) | D79: 20 | E79: =VLOOKUP(B79,'112年全品項生產鍋數'!A:H,3,0) -> 3.2 | F79: =VLOOKUP(B79,'112年全品項生產鍋數'!A:H,7,0) -> 46.8 | G79: =D79*F79 -> 936 | H79: 914 | I79: =H79*E79 -> 2924.8 | J79: =IF(G79=0,"無法預估數據",H79/G79) -> 0.97649573 | K79: =VLOOKUP(B:B,'生產達成率(目標)'!A:C,3,0) -> 1 | L79: =IF(G79=0,"無法預估數據",ROUND(J79-K79,3)) -> -0.024 | O79: =H79-N79-P79 -> 1 | P79: 913 | Q79: =P79/H79 -> 0.99890591
A80: 2024/01/18 | B80: C3070 | C80: =VLOOKUP(B80,'112年全品項生產鍋數'!A:H,2,0) -> 天天開心藍莓餡4.5KG | D80: 12 | E80: =VLOOKUP(B80,'112年全品項生產鍋數'!A:H,3,0) -> 4.5 | F80: =VLOOKUP(B80,'112年全品項生產鍋數'!A:H,7,0) -> 36.8 | G80: =D80*F80 -> 441.6 | H80: 436 | I80: =H80*E80 -> 1962 | J80: =IF(G80=0,"無法預估數據",H80/G80) -> 0.98731884 | K80: =VLOOKUP(B:B,'生產達成率(目標)'!A:C,3,0) -> 1 | L80: =IF(G80=0,"無法預估數據",ROUND(J80-K80,3)) -> -0.013 | O80: =H80-N80-P80 -> 0 | P80: 436 | Q80: =P80/H80 -> 1
A81: 2024/01/18 | B81: C3020 | C81: =VLOOKUP(B81,'112年全品項生產鍋數'!A:H,2,0) -> 藍莓餡（大）(1*9.08kg) | D81: 12 | E81: =VLOOKUP(B81,'112年全品項生產鍋數'!A:H,3,0) -> 9.08 | F81: =VLOOKUP(B81,'112年全品項生產鍋數'!A:H,7,0) -> 17.8 | G81: =D81*F81 -> 213.6 | H81: 212 | I81: =H81*E81 -> 1924.96 | J81: =IF(G81=0,"無法預估數據",H81/G81) -> 0.99250936 | K81: =VLOOKUP(B:B,'生產達成率(目標)'!A:C,3,0) -> 1 | L81: =IF(G81=0,"無法預估數據",ROUND(J81-K81,3)) -> -0.007 | O81: =H81-N81-P81 -> 0 | P81: 212 | Q81: =P81/H81 -> 1
A82: 2024/01/18 | B82: D0810 | C82: =VLOOKUP(B82,'112年全品項生產鍋數'!A:H,2,0) -> 草莓餡(1*4.5Kg) | D82: 6 | E82: =VLOOKUP(B82,'112年全品項生產鍋數'!A:H,3,0) -> 4.5 | F82: =VLOOKUP(B82,'112年全品項生產鍋數'!A:H,7,0) -> 35.6 | G82: =D82*F82 -> 213.6 | H82: 211 | I82: =H82*E82 -> 949.5 | J82: =IF(G82=0,"無法預估數據",H82/G82) -> 0.98782772 | K82: =VLOOKUP(B:B,'生產達成率(目標)'!A:C,3,0) -> 1 | L82: =IF(G82=0,"無法預估數據",ROUND(J82-K82,3)) -> -0.012 | O82: =H82-N82-P82 -> 0 | P82: 211 | Q82: =P82/H82 -> 1
A83: 2024/01/18 | B83: D1211 | C83: =VLOOKUP(B83,'112年全品項生產鍋數'!A:H,2,0) -> 草莓餡(1*4.5kg) | D83: 4 | E83: =VLOOKUP(B83,'112年全品項生產鍋數'!A:H,3,0) -> 4.5 | F83: =VLOOKUP(B83,'112年全品項生產鍋數'!A:H,7,0) -> 34.5 | G83: =D83*F83 -> 138 | H83: 136 | I83: =H83*E83 -> 612 | J83: =IF(G83=0,"無法預估數據",H83/G83) -> 0.98550725 | K83: =VLOOKUP(B:B,'生產達成率(目標)'!A:C,3,0) -> 1 | L83: =IF(G83=0,"無法預估數據",ROUND(J83-K83,3)) -> -0.014 | O83: =H83-N83-P83 -> 0 | P83: 136 | Q83: =P83/H83 -> 1
A84: 2024/01/18 | B84: B2021 | C84: =VLOOKUP(B84,'112年全品項生產鍋數'!A:H,2,0) -> ＃1花生(粒)(1*2.8kg) | D84: 60 | E84: =VLOOKUP(B84,'112年全品項生產鍋數'!A:H,3,0) -> 2.8 | F84: =VLOOKUP(B84,'112年全品項生產鍋數'!A:H,7,0) -> 44.2 | G84: =D84*F84 -> 2652 | H84: 2657 | I84: =H84*E84 -> 7439.6 | J84: =IF(G84=0,"無法預估數據",H84/G84) -> 1.0018854 | K84: =VLOOKUP(B:B,'生產達成率(目標)'!A:C,3,0) -> 1 | L84: =IF(G84=0,"無法預估數據",ROUND(J84-K84,3)) -> 0.002 | O84: =H84-N84-P84 -> 1 | P84: 2656 | Q84: =P84/H84 -> 0.99962364
A85: 2024/01/19 | B85: B3011 | C85: =VLOOKUP(B85,'112年全品項生產鍋數'!A:H,2,0) -> ＃1藍莓(1*3.2kg) | D85: 32 | E85: =VLOOKUP(B85,'112年全品項生產鍋數'!A:H,3,0) -> 3.2 | F85: =VLOOKUP(B85,'112年全品項生產鍋數'!A:H,7,0) -> 47.5 | G85: =D85*F85 -> 1520 | H85: 1476 | I85: =H85*E85 -> 4723.2 | J85: =IF(G85=0,"無法預估數據",H85/G85) -> 0.97105263 | K85: =VLOOKUP(B:B,'生產達成率(目標)'!A:C,3,0) -> 1 | L85: =IF(G85=0,"無法預估數據",ROUND(J85-K85,3)) -> -0.029 | O85: =H85-N85-P85 -> 1 | P85: 1475 | Q85: =P85/H85 -> 0.99932249
A86: 2024/01/19 | B86: D0310 | C86: =VLOOKUP(B86,'112年全品項生產鍋數'!A:H,2,0) -> 草莓蒟蒻餡(1*6kg) | D86: 24 | E86: =VLOOKUP(B86,'112年全品項生產鍋數'!A:H,3,0) -> 6 | F86: =VLOOKUP(B86,'112年全品項生產鍋數'!A:H,7,0) -> 25.7 | G86: =D86*F86 -> 616.8 | H86: 621 | I86: =H86*E86 -> 3726 | J86: =IF(G86=0,"無法預估數據",H86/G86) -> 1.0068093 | K86: =VLOOKUP(B:B,'生產達成率(目標)'!A:C,3,0) -> 1 | L86: =IF(G86=0,"無法預估數據",ROUND(J86-K86,3)) -> 0.007 | O86: =H86-N86-P86 -> 3 | P86: 618 | Q86: =P86/H86 -> 0.99516908
A87: 2024/01/19 | B87: D0113 | C87: =VLOOKUP(B87,'112年全品項生產鍋數'!A:H,2,0) -> 草莓餡45%(1*6Kg) | D87: 16 | E87: =VLOOKUP(B87,'112年全品項生產鍋數'!A:H,3,0) -> 6 | F87: =VLOOKUP(B87,'112年全品項生產鍋數'!A:H,7,0) -> 26.1 | G87: =D87*F87 -> 417.6 | H87: 445 | I87: =H87*E87 -> 2670 | J87: =IF(G87=0,"無法預估數據",H87/G87) -> 1.065613 | K87: =VLOOKUP(B:B,'生產達成率(目標)'!A:C,3,0) -> 1 | L87: =IF(G87=0,"無法預估數據",ROUND(J87-K87,3)) -> 0.066 | O87: =H87-N87-P87 -> 1 | P87: 444 | Q87: =P87/H87 -> 0.99775281
A88: 2024/01/19 | B88: B2011 | C88: =VLOOKUP(B88,'112年全品項生產鍋數'!A:H,2,0) -> ＃1花生(1*2.8kg) | D88: 29.37 | E88: =VLOOKUP(B88,'112年全品項生產鍋數'!A:H,3,0) -> 2.8 | F88: =VLOOKUP(B88,'112年全品項生產鍋數'!A:H,7,0) -> 44.5 | G88: =D88*F88 -> 1306.965 | H88: 1205 | I88: =H88*E88 -> 3374 | J88: =IF(G88=0,"無法預估數據",H88/G88) -> 0.92198337 | K88: =VLOOKUP(B:B,'生產達成率(目標)'!A:C,3,0) -> 1 | L88: =IF(G88=0,"無法預估數據",ROUND(J88-K88,3)) -> -0.078 | O88: =H88-N88-P88 -> 1 | P88: 1204 | Q88: =P88/H88 -> 0.99917012 | S88: 60kg
A89: 2024/01/19 | B89: D2021 | C89: =VLOOKUP(B89,'112年全品項生產鍋數'!A:H,2,0) -> 美芝城花生醬(1*2.8kg) | D89: 11.2 | E89: =VLOOKUP(B89,'112年全品項生產鍋數'!A:H,3,0) -> 2.8 | F89: =VLOOKUP(B89,'112年全品項生產鍋數'!A:H,7,0) -> 46 | G89: =D89*F89 -> 515.2 | H89: 600 | I89: =H89*E89 -> 1680 | J89: =IF(G89=0,"無法預估數據",H89/G89) -> 1.1645963 | K89: =VLOOKUP(B:B,'生產達成率(目標)'!A:C,3,0) -> 1 | L89: =IF(G89=0,"無法預估數據",ROUND(J89-K89,3)) -> 0.165 | O89: =H89-N89-P89 -> 0 | P89: 600 | Q89: =P89/H89 -> 1
A90: 2024/01/19 | B90: D9920 | C90: =VLOOKUP(B90,'112年全品項生產鍋數'!A:H,2,0) -> 花生醬（1*18kg) | D90: 11.43 | E90: =VLOOKUP(B90,'112年全品項生產鍋數'!A:H,3,0) -> 18 | F90: =VLOOKUP(B90,'112年全品項生產鍋數'!A:H,7,0) -> 6.7 | G90: =D90*F90 -> 76.581 | H90: 80 | I90: =H90*E90 -> 1440 | J90: =IF(G90=0,"無法預估數據",H90/G90) -> 1.0446455 | K90: =VLOOKUP(B:B,'生產達成率(目標)'!A:C,3,0) -> 1 | L90: =IF(G90=0,"無法預估數據",ROUND(J90-K90,3)) -> 0.045 | O90: =H90-N90-P90 -> 0 | P90: 80 | Q90: =P90/H90 -> 1
A91: 2024/01/20 | B91: D0310 | C91: =VLOOKUP(B91,'112年全品項生產鍋數'!A:H,2,0) -> 草莓蒟蒻餡(1*6kg) | D91: 20 | E91: =VLOOKUP(B91,'112年全品項生產鍋數'!A:H,3,0) -> 6 | F91: =VLOOKUP(B91,'112年全品項生產鍋數'!A:H,7,0) -> 25.7 | G91: =D91*F91 -> 514 | H91: 504 | I91: =H91*E91 -> 3024 | J91: =IF(G91=0,"無法預估數據",H91/G91) -> 0.98054475 | K91: =VLOOKUP(B:B,'生產達成率(目標)'!A:C,3,0) -> 1 | L91: =IF(G91=0,"無法預估數據",ROUND(J91-K91,3)) -> -0.019 | O91: =H91-N91-P91 -> 4 | P91: 500 | Q91: =P91/H91 -> 0.99206349
A92: 2024/01/20 | B92: B2021 | C92: =VLOOKUP(B92,'112年全品項生產鍋數'!A:H,2,0) -> ＃1花生(粒)(1*2.8kg) | D92: 60 | E92: =VLOOKUP(B92,'112年全品項生產鍋數'!A:H,3,0) -> 2.8 | F92: =VLOOKUP(B92,'112年全品項生產鍋數'!A:H,7,0) -> 44.2 | G92: =D92*F92 -> 2652 | H92: 2679 | I92: =H92*E92 -> 7501.2 | J92: =IF(G92=0,"無法預估數據",H92/G92) -> 1.010181 | K92: =VLOOKUP(B:B,'生產達成率(目標)'!A:C,3,0) -> 1 | L92: =IF(G92=0,"無法預估數據",ROUND(J92-K92,3)) -> 0.01 | O92: =H92-N92-P92 -> 1 | P92: 2678 | Q92: =P92/H92 -> 0.99962673 | S92: 60kg
A93: 2024/01/22 | B93: B1011 | C93: =VLOOKUP(B93,'112年全品項生產鍋數'!A:H,2,0) -> ＃1草莓(1*3.2kg) | D93: 80 | E93: =VLOOKUP(B93,'112年全品項生產鍋數'!A:H,3,0) -> 3.2 | F93: =VLOOKUP(B93,'112年全品項生產鍋數'!A:H,7,0) -> 46.8 | G93: =D93*F93 -> 3744 | H93: 3724 | I93: =H93*E93 -> 11916.8 | J93: =IF(G93=0,"無法預估數據",H93/G93) -> 0.99465812 | K93: =VLOOKUP(B:B,'生產達成率(目標)'!A:C,3,0) -> 1 | L93: =IF(G93=0,"無法預估數據",ROUND(J93-K93,3)) -> -0.005 | O93: =H93-N93-P93 -> 2 | P93: 3722 | Q93: =P93/H93 -> 0.99946294 | S93: 67kg
A94: 2024/01/22 | B94: D2212 | C94: =VLOOKUP(B94,'112年全品項生產鍋數'!A:H,2,0) -> 草莓餡(1*6KG) | D94: 48 | E94: =VLOOKUP(B94,'112年全品項生產鍋數'!A:H,3,0) -> 6 | F94: =VLOOKUP(B94,'112年全品項生產鍋數'!A:H,7,0) -> 25.5 | G94: =D94*F94 -> 1224 | H94: 1241 | I94: =H94*E94 -> 7446 | J94: =IF(G94=0,"無法預估數據",H94/G94) -> 1.0138889 | K94: =VLOOKUP(B:B,'生產達成率(目標)'!A:C,3,0) -> 1 | L94: =IF(G94=0,"無法預估數據",ROUND(J94-K94,3)) -> 0.014 | O94: =H94-N94-P94 -> 2 | P94: 1239 | Q94: =P94/H94 -> 0.9983884
A95: 2024/01/22 | B95: B2011 | C95: =VLOOKUP(B95,'112年全品項生產鍋數'!A:H,2,0) -> ＃1花生(1*2.8kg) | D95: 60 | E95: =VLOOKUP(B95,'112年全品項生產鍋數'!A:H,3,0) -> 2.8 | F95: =VLOOKUP(B95,'112年全品項生產鍋數'!A:H,7,0) -> 44.5 | G95: =D95*F95 -> 2670 | H95: 2799 | I95: =H95*E95 -> 7837.2 | J95: =IF(G95=0,"無法預估數據",H95/G95) -> 1.0483146 | K95: =VLOOKUP(B:B,'生產達成率(目標)'!A:C,3,0) -> 1 | L95: =IF(G95=0,"無法預估數據",ROUND(J95-K95,3)) -> 0.048 | O95: =H95-N95-P95 -> 2 | P95: 2797 | Q95: =P95/H95 -> 0.99928546 | R95: 1130122-01A
A96: 2024/01/23 | B96: A1020 | C96: =VLOOKUP(B96,'112年全品項生產鍋數'!A:H,2,0) -> 大圓草莓-新 | D96: 48 | E96: =VLOOKUP(B96,'112年全品項生產鍋數'!A:H,3,0) -> 0.44 | F96: =VLOOKUP(B96,'112年全品項生產鍋數'!A:H,7,0) -> 344 | G96: =D96*F96 -> 16512 | H96: 16416 | I96: =H96*E96 -> 7223.04 | J96: =IF(G96=0,"無法預估數據",H96/G96) -> 0.99418605 | K96: =VLOOKUP(B:B,'生產達成率(目標)'!A:C,3,0) -> 1 | L96: =IF(G96=0,"無法預估數據",ROUND(J96-K96,3)) -> -0.006 | O96: =H96-N96-P96 -> 20 | P96: 16396 | Q96: =P96/H96 -> 0.99878168 | S96: 16.8kg
A97: 2024/01/23 | B97: D0310 | C97: =VLOOKUP(B97,'112年全品項生產鍋數'!A:H,2,0) -> 草莓蒟蒻餡(1*6kg) | D97: 35 | E97: =VLOOKUP(B97,'112年全品項生產鍋數'!A:H,3,0) -> 6 | F97: =VLOOKUP(B97,'112年全品項生產鍋數'!A:H,7,0) -> 25.7 | G97: =D97*F97 -> 899.5 | H97: 916 | I97: =H97*E97 -> 5496 | J97: =IF(G97=0,"無法預估數據",H97/G97) -> 1.0183435 | K97: =VLOOKUP(B:B,'生產達成率(目標)'!A:C,3,0) -> 1 | L97: =IF(G97=0,"無法預估數據",ROUND(J97-K97,3)) -> 0.018 | O97: =H97-N97-P97 -> 109 | P97: 807 | Q97: =P97/H97 -> 0.88100437
A98: 2024/01/23 | B98: D0311 | C98: =VLOOKUP(B98,'112年全品項生產鍋數'!A:H,2,0) -> 蜂蜜風味餡(1*6kg) | D98: 4 | E98: =VLOOKUP(B98,'112年全品項生產鍋數'!A:H,3,0) -> 6 | F98: =VLOOKUP(B98,'112年全品項生產鍋數'!A:H,7,0) -> 27.4 | G98: =D98*F98 -> 109.6 | H98: 110 | I98: =H98*E98 -> 660 | J98: =IF(G98=0,"無法預估數據",H98/G98) -> 1.0036496 | K98: =VLOOKUP(B:B,'生產達成率(目標)'!A:C,3,0) -> 1 | L98: =IF(G98=0,"無法預估數據",ROUND(J98-K98,3)) -> 0.004 | O98: =H98-N98-P98 -> 1 | P98: 109 | Q98: =P98/H98 -> 0.99090909
A99: 2024/01/23 | B99: D0422 | C99: =VLOOKUP(B99,'112年全品項生產鍋數'!A:H,2,0) -> 深烤焙花生醬(1*18KG) | D99: 40 | E99: =VLOOKUP(B99,'112年全品項生產鍋數'!A:H,3,0) -> 18 | F99: =VLOOKUP(B99,'112年全品項生產鍋數'!A:H,7,0) -> 6.9 | G99: =D99*F99 -> 276 | H99: 281 | I99: =H99*E99 -> 5058 | J99: =IF(G99=0,"無法預估數據",H99/G99) -> 1.0181159 | K99: =VLOOKUP(B:B,'生產達成率(目標)'!A:C,3,0) -> 1 | L99: =IF(G99=0,"無法預估數據",ROUND(J99-K99,3)) -> 0.018 | O99: =H99-N99-P99 -> 0 | P99: 281 | Q99: =P99/H99 -> 1
A100: 2024/01/24 | B100: B5011 | C100: =VLOOKUP(B100,'112年全品項生產鍋數'!A:H,2,0) -> ＃1桔子(1*3.2kg) | D100: 36 | E100: =VLOOKUP(B100,'112年全品項生產鍋數'!A:H,3,0) -> 3.2 | F100: =VLOOKUP(B100,'112年全品項生產鍋數'!A:H,7,0) -> 46.4 | G100: =D100*F100 -> 1670.4 | H100: 1672 | I100: =H100*E100 -> 5350.4 | J100: =IF(G100=0,"無法預估數據",H100/G100) -> 1.0009579 | K100: =VLOOKUP(B:B,'生產達成率(目標)'!A:C,3,0) -> 1 | L100: =IF(G100=0,"無法預估數據",ROUND(J100-K100,3)) -> 0.001 | O100: =H100-N100-P100 -> 1 | P100: 1671 | Q100: =P100/H100 -> 0.99940191 | S100: 11.2kg
...

Sheet 工時
A1: 日期 | B1: 料號 | C1: 品項 | D1: 鍋數 (P) | E1: 人數 | F1: 前置作業 | G1: 生產開始時間 | H1: 生產結束時間 | I1: 生產時間(分) | J1: 人數 | K1: 前置作業 | L1: 生產開始時間 | M1: 生產結束時間 | N1: 生產時間(分) | O1: 生產時間*人數 | P1: 開始 | Q1: 結束 | R1: 總生產時間(分) | S1: 中午
E2: 製造 | J2: 充填 | S2: 0.5 | T2: 0.54166667
A3: 10/14 | B3: B1011 | C3: ＃1草莓(1*3.2kg) | D3: 72 | E3: 6 | G3: 0.29166667 | H3: 0.66666667 | I3: 480 | J3: 6 | L3: 0.3125 | M3: 0.70833333 | N3: 510 | O3: 5940 | P3: 0.29166667 | Q3: 0.70833333 | R3: 540
A4: 10/14 | B4: D0113 | C4: 草莓餡45%(1*6Kg) | D4: 20 | E4: 5 | G4: 0.37708333 | H4: 0.58333333 | I4: 237 | J4: 3 | K4: 0.0055555556 | L4: 0.39583333 | M4: 0.61458333 | N4: 263 | O4: 1974 | P4: 0.37708333 | Q4: 0.61458333 | R4: 282
A5: 10/14 | B5: D0292 | C5: 蜂蜜柚香醬(1*6KG) | D5: 8 | E5: 5 | G5: 0.29166667 | H5: 0.375 | I5: 120 | J5: 3 | K5: 0.0055555556 | L5: 0.32986111 | M5: 0.39583333 | N5: 103 | O5: 909 | P5: 0.29166667 | Q5: 0.39583333 | R5: 150
A6: 10/14 | B6: D0230 | C6: 藍莓醬(1*6kg) | D6: 16 | E6: 5 | G6: 0.58680556 | H6: 0.72916667 | I6: 205 | J6: 3 | K6: 0.0055555556 | L6: 0.61458333 | M6: 0.72916667 | N6: 173 | O6: 1544 | P6: 0.58680556 | Q6: 0.72916667 | R6: 205
A7: 10/14 | B7: B2011 | C7: ＃1花生(1*2.8kg) | D7: 72 | E7: 3 | F7: 0.027777778 | G7: 0.40625 | H7: 0.48611111 | I7: 155 | J7: 4 | L7: 0.27083333 | M7: 0.79861111 | N7: 700 | O7: 3265 | P7: 0.27083333 | Q7: 0.79861111 | R7: 700
A8: 10/14 | B8: D1791 | C8: 柚皮糖 | D8: 1 | I8: 0 | N8: 0 | O8: 0 | P8: 0 | Q8: 0 | R8: 0
A9: 10/15 | B9: D0210 | C9: 草莓醬(1*6kg) | D9: 20 | E9: 5 | G9: 0.54166667 | H9: 0.6875 | I9: 210 | J9: 3 | L9: 0.56597222 | M9: 0.70833333 | N9: 205 | O9: 1665 | P9: 0.54166667 | Q9: 0.70833333 | R9: 240
A10: 10/15 | B10: D0197 | C10: 檸檬餡(1*6Kg) | D10: 24 | E10: 5 | G10: 0.29166667 | H10: 0.48263889 | I10: 275 | J10: 3 | L10: 0.3125 | M10: 0.55902778 | N10: 295 | O10: 2260 | P10: 0.29166667 | Q10: 0.55902778 | R10: 325
A11: 10/15 | B11: D0120 | C11: 顆粒花生醬(1*12KG) | D11: 21 | G11: 0.32638889 | H11: 0.5625 | I11: 280 | L11: 0.5625 | M11: 0.70833333 | N11: 210 | O11: 0 | P11: 0.32638889 | Q11: 0.70833333 | R11: 490
A12: 10/15 | B12: A2020 | C12: PET大花生(1*400g) | D12: 36 | E12: 3 | F12: 0.020833333 | G12: 0.27083333 | H12: 0.70833333 | I12: 600 | J12: 6 | L12: 0.29166667 | M12: 0.64583333 | N12: 450 | O12: 4500 | P12: 0.27083333 | Q12: 0.70833333 | R12: 570
A13: 10/15 | B13: 152010 | C13: 蜜綠果6m/m | D13: 0.5 | I13: 0 | N13: 0 | O13: 0 | P13: 0 | Q13: 0 | R13: 0
A14: 10/16 | B14: B1011 | C14: ＃1草莓(1*3.2kg) | D14: 72 | E14: 6 | G14: 0.29166667 | H14: 0.66666667 | I14: 480 | J14: 5 | L14: 0.3125 | M14: 0.70833333 | N14: 510 | O14: 5430 | P14: 0.29166667 | Q14: 0.70833333 | R14: 540
A15: 10/16 | B15: D0310 | C15: 草莓蒟蒻餡(1*6kg) | D15: 20 | E15: 5 | G15: 0.54166667 | H15: 0.70694444 | I15: 238 | J15: 4 | L15: 0.56944444 | M15: 0.71527778 | N15: 210 | O15: 2030 | P15: 0.54166667 | Q15: 0.71527778 | R15: 250
A16: 10/16 | B16: D2813 | C16: 草莓醬(1*6Kg) | D16: 12 | E16: 5 | G16: 0.40972222 | H16: 0.49791667 | I16: 127 | J16: 4 | L16: 0.43055556 | M16: 0.56944444 | N16: 140 | O16: 1195 | P16: 0.40972222 | Q16: 0.56944444 | R16: 170
A17: 10/16 | B17: D0131 | C17: 藍莓餡(1*6Kg) | D17: 12 | E17: 5 | G17: 0.29166667 | H17: 0.40625 | I17: 165 | J17: 3 | L17: 0.3125 | M17: 0.41666667 | N17: 150 | O17: 1275 | P17: 0.29166667 | Q17: 0.41666667 | R17: 180
A18: 10/16 | B18: B2011 | C18: ＃1花生(1*2.8kg) | D18: 72 | E18: 3 | F18: 0.083333333 | G18: 0.29166667 | H18: 0.75 | I18: 720 | J18: 4 | L18: 0.29166667 | M18: 0.79166667 | N18: 660 | O18: 4800 | P18: 0.29166667 | Q18: 0.79166667 | R18: 660
A19: 10/17 | B19: A1040 | C19: 開心草莓果醬(1*430g) | D19: 15 | E19: 4 | G19: 0.29166667 | H19: 0.49861111 | I19: 298 | J19: 12 | L19: 0.3125 | M19: 0.58333333 | N19: 330 | O19: 5152 | P19: 0.29166667 | Q19: 0.58333333 | R19: 360
A20: 10/17 | B20: A1050 | C20: 梨山草莓果醬(1*430g) | D20: 12 | E20: 2 | G20: 0.52083333 | H20: 0.66666667 | I20: 210 | J20: 9 | L20: 0.58333333 | M20: 0.70833333 | N20: 180 | O20: 2040 | P20: 0.52083333 | Q20: 0.70833333 | R20: 270
A21: 10/17 | B21: D0132 | C21: 綜合莓果餡(1*6Kg) | D21: 4 | E21: 5 | G21: 0.40625 | H21: 0.44791667 | I21: 60 | J21: 3 | L21: 0.44791667 | M21: 0.5 | N21: 75 | O21: 525 | P21: 0.40625 | Q21: 0.5 | R21: 135
A22: 10/17 | B22: D0290 | C22: 鳳梨芒果百香果醬(1*6KG) | D22: 12 | E22: 5 | G22: 0.29166667 | H22: 0.40277778 | I22: 160 | J22: 3 | L22: 0.3125 | M22: 0.43402778 | N22: 175 | O22: 1325 | P22: 0.29166667 | Q22: 0.43402778 | R22: 205
A23: 10/17 | B23: D0310 | C23: 草莓蒟蒻餡(1*6kg) | D23: 24 | E23: 5 | G23: 0.54166667 | H23: 0.74652778 | I23: 295 | J23: 3 | L23: 0.54166667 | M23: 0.75 | N23: 300 | O23: 2375 | P23: 0.54166667 | Q23: 0.75 | R23: 300
A24: 10/17 | B24: B2031 | C24: ＃2花生(1*800g) | D24: 40 | E24: 3 | F24: 0.020833333 | G24: 0.29166667 | H24: 0.64583333 | I24: 480 | J24: 4 | L24: 0.29166667 | M24: 0.70833333 | N24: 540 | O24: 3600 | P24: 0.29166667 | Q24: 0.70833333 | R24: 540
A25: 10/18 | B25: B5011 | C25: ＃1桔子(1*3.2kg) | D25: 72 | E25: 6 | G25: 0.29166667 | H25: 0.66666667 | I25: 480 | J25: 5 | L25: 0.3125 | M25: 0.70833333 | N25: 510 | O25: 5430 | P25: 0.29166667 | Q25: 0.70833333 | R25: 540
A26: 10/18 | B26: D0121 | C26: 顆粒花生醬(1*12KG) | D26: 21 | E26: 4 | G26: 0.29166667 | H26: 0.61111111 | I26: 400 | J26: 8 | L26: 0.39583333 | M26: 0.70833333 | N26: 390 | O26: 4720 | P26: 0.29166667 | Q26: 0.70833333 | R26: 540
A27: 10/18 | B27: B2011 | C27: ＃1花生(1*2.8kg) | D27: 72 | E27: 3 | F27: 0.083333333 | G27: 0.29166667 | H27: 0.75 | I27: 720 | J27: 4 | L27: 0.29166667 | M27: 0.79166667 | N27: 660 | O27: 4800 | P27: 0.29166667 | Q27: 0.79166667 | R27: 660
A28: 10/21 | B28: A1020 | C28: 大圓草莓-新 | D28: 24 | E28: 4 | G28: 0.29166667 | H28: 0.5 | I28: 300 | J28: 10 | K28: 0.0069444444 | L28: 0.33333333 | M28: 0.57291667 | N28: 295 | O28: 4150 | P28: 0.29166667 | Q28: 0.57291667 | R28: 345
A29: 10/21 | B29: A3011 | C29: 小藍莓1*260G | D29: 4 | E29: 4 | G29: 0.54166667 | H29: 0.72916667 | I29: 270 | J29: 9 | K29: 0.0069444444 | L29: 0.66666667 | M29: 0.75 | N29: 130 | O29: 2250 | P29: 0.54166667 | Q29: 0.75 | R29: 300
A30: 10/21 | B30: A3010 | C30: 小藍莓1*260G | D30: 12 | E30: 4 | G30: 0.54166667 | H30: 0.72916667 | I30: 270 | J30: 9 | K30: 0.0069444444 | L30: 0.57291667 | M30: 0.66666667 | N30: 145 | O30: 2385 | P30: 0.54166667 | Q30: 0.72916667 | R30: 270
A31: 10/21 | B31: D2531 | C31: 特殊藍莓餡(1*9.08kg) | D31: 12 | E31: 5 | G31: 0.29166667 | H31: 0.42013889 | I31: 185 | J31: 3 | K31: 0.010416667 | L31: 0.33333333 | M31: 0.45138889 | N31: 185 | O31: 1480 | P31: 0.29166667 | Q31: 0.45138889 | R31: 230
A32: 10/21 | B32: D2212 | C32: 草莓餡(1*6KG) | D32: 32 | E32: 5 | G32: 0.42152778 | H32: 0.77083333 | I32: 443 | J32: 3 | K32: 0.010416667 | L32: 0.45138889 | M32: 0.77083333 | N32: 415 | O32: 3460 | P32: 0.42152778 | Q32: 0.77083333 | R32: 443
A33: 10/21 | B33: D0121 | C33: 顆粒花生醬(1*12KG) | D33: 21 | E33: 8 | F33: 0.020833333 | G33: 0.29166667 | H33: 0.70833333 | I33: 570 | J33: 8 | L33: 0.29166667 | M33: 0.70833333 | N33: 540 | O33: 8880 | P33: 0.29166667 | Q33: 0.70833333 | R33: 540
A34: 10/21 | B34: 153010 | C34: 蜜桔皮6m/m | D34: 1 | I34: 0 | N34: 0 | O34: 0 | P34: 0 | Q34: 0 | R34: 0
A35: 10/22 | B35: B1011 | C35: ＃1草莓(1*3.2kg) | D35: 72 | E35: 6 | G35: 0.29166667 | H35: 0.66666667 | I35: 480 | J35: 5 | K35: 0.041666667 | L35: 0.3125 | M35: 0.70833333 | N35: 570 | O35: 5730 | P35: 0.29166667 | Q35: 0.70833333 | R35: 540
A36: 10/22 | B36: D0310 | C36: 草莓蒟蒻餡(1*6kg) | D36: 24 | E36: 5 | G36: 0.54166667 | H36: 0.75 | I36: 300 | J36: 3 | K36: 0.010416667 | L36: 0.5625 | M36: 0.75 | N36: 285 | O36: 2355 | P36: 0.54166667 | Q36: 0.75 | R36: 300
A37: 10/22 | B37: D0330 | C37: 藍莓餡(1*6KG) | D37: 24 | E37: 5 | G37: 0.29166667 | H37: 0.5 | I37: 300 | J37: 3 | K37: 0.010416667 | L37: 0.33333333 | M37: 0.5625 | N37: 285 | O37: 2355 | P37: 0.29166667 | Q37: 0.5625 | R37: 330
A38: 10/22 | B38: B2021 | C38: ＃1花生(粒)(1*2.8kg) | D38: 72 | E38: 3 | F38: 0.083333333 | G38: 0.29166667 | H38: 0.72916667 | I38: 690 | J38: 4 | L38: 0.29166667 | M38: 0.72916667 | N38: 570 | O38: 4350 | P38: 0.29166667 | Q38: 0.72916667 | R38: 570
A39: 10/23 | B39: D0210 | C39: 草莓醬(1*6kg) | D39: 30 | E39: 5 | G39: 0.40277778 | H39: 0.72916667 | I39: 410 | J39: 4 | K39: 0.010416667 | L39: 0.4375 | M39: 0.77083333 | N39: 435 | O39: 3790 | P39: 0.40277778 | Q39: 0.77083333 | R39: 470
A40: 10/23 | B40: D0250 | C40: 葡萄奇異果醬(1*6kg) | D40: 12 | E40: 5 | G40: 0.29166667 | H40: 0.40277778 | I40: 160 | J40: 3 | K40: 0.010416667 | L40: 0.33333333 | M40: 0.4375 | N40: 165 | O40: 1295 | P40: 0.29166667 | Q40: 0.4375 | R40: 210
A41: 10/23 | B41: C1020 | C41: 天天開心草莓餡4.5KG | D41: 20 | E41: 5 | G41: 0.29166667 | H41: 0.5 | I41: 300 | J41: 4 | K41: 0.010416667 | L41: 0.33333333 | M41: 0.56944444 | N41: 295 | O41: 2680 | P41: 0.29166667 | Q41: 0.56944444 | R41: 340
A42: 10/23 | B42: D0310 | C42: 草莓蒟蒻餡(1*6kg) | D42: 24 | E42: 5 | G42: 0.54166667 | H42: 0.75 | I42: 300 | J42: 3 | K42: 0.010416667 | L42: 0.56944444 | M42: 0.75 | N42: 275 | O42: 2325 | P42: 0.54166667 | Q42: 0.75 | R42: 300
A43: 10/23 | B43: D0820 | C43: 花生醬(1*3.5KG) | D43: 6 | E43: 2 | F43: 0.020833333 | G43: 0.29166667 | H43: 0.5 | I43: 330 | J43: 9 | L43: 0.29166667 | M43: 0.5 | N43: 300 | O43: 3360 | P43: 0.29166667 | Q43: 0.5 | R43: 300
A44: 10/24 | B44: B1040 | C44: #2草莓果醬(1*900g) | D44: 40 | E44: 5 | G44: 0.29166667 | H44: 0.70833333 | I44: 540 | J44: 5 | L44: 0.375 | M44: 0.72916667 | N44: 450 | O44: 4950 | P44: 0.29166667 | Q44: 0.72916667 | R44: 570
A45: 10/24 | B45: D1410 | C45: 草莓餡42°(1*6KG) | D45: 24 | E45: 5 | G45: 0.29166667 | H45: 0.5 | I45: 300 | J45: 5 | K45: 0.010416667 | L45: 0.33333333 | M45: 0.5625 | N45: 285 | O45: 2925 | P45: 0.29166667 | Q45: 0.5625 | R45: 330
A46: 10/24 | B46: D0113 | C46: 草莓餡45%(1*6Kg) | D46: 24 | E46: 5 | G46: 0.54166667 | H46: 0.75 | I46: 300 | J46: 4 | K46: 0.010416667 | L46: 0.5625 | M46: 0.75 | N46: 285 | O46: 2640 | P46: 0.54166667 | Q46: 0.75 | R46: 300
A47: 10/24 | B47: A2040 | C47: PET瓶花生(1*340g) | D47: 28 | E47: 3 | F47: 0.052083333 | G47: 0.29166667 | H47: 0.625 | I47: 495 | J47: 6 | K47: 0.020833333 | L47: 0.40277778 | M47: 0.70833333 | N47: 410 | O47: 3945 | P47: 0.29166667 | Q47: 0.70833333 | R47: 540
A48: 10/24 | B48: A2020 | C48: PET大花生(1*400g) | D48: 8 | E48: 3 | F48: 0.052083333 | G48: 0.29166667 | H48: 0.625 | I48: 495 | J48: 6 | K48: 0.020833333 | L48: 0.33333333 | M48: 0.40277778 | N48: 130 | O48: 2265 | P48: 0.29166667 | Q48: 0.625 | R48: 420
A49: 10/25 | B49: D0242 | C49: 芒果蜜桃醬(1*6kg) | D49: 6 | E49: 4 | G49: 0.63055556 | H49: 0.72916667 | I49: 142 | J49: 4 | K49: 0.0055555556 | L49: 0.66666667 | M49: 0.75 | N49: 128 | O49: 1080 | P49: 0.63055556 | Q49: 0.75 | R49: 172
A50: 10/25 | B50: D0296 | C50: 蜂蜜蘋果醬(1*6KG) | D50: 6 | E50: 4 | G50: 0.54166667 | H50: 0.63055556 | I50: 128 | J50: 4 | K50: 0.0055555556 | L50: 0.57638889 | M50: 0.66666667 | N50: 138 | O50: 1064 | P50: 0.54166667 | Q50: 0.66666667 | R50: 180
A51: 10/25 | B51: D0593 | C51: 文旦柚茶(1*420g) | D51: 6 | E51: 4 | G51: 0.29166667 | H51: 0.40625 | I51: 165 | J51: 10 | K51: 0.0055555556 | L51: 0.35069444 | M51: 0.45138889 | N51: 153 | O51: 2190 | P51: 0.29166667 | Q51: 0.45138889 | R51: 230
A52: 10/25 | B52: D0790 | C52: 奇異果茶(1*420g) | D52: 3 | E52: 4 | G52: 0.40625 | H52: 0.5 | I52: 135 | J52: 10 | K52: 0.0055555556 | L52: 0.45138889 | M52: 0.57638889 | N52: 128 | O52: 1820 | P52: 0.40625 | Q52: 0.57638889 | R52: 185
A53: 10/25 | B53: C3070 | C53: 天天開心藍莓餡4.5KG | D53: 20 | E53: 5 | G53: 0.57222222 | H53: 0.77083333 | I53: 286 | J53: 4 | K53: 0.0069444444 | L53: 0.59027778 | M53: 0.8125 | N53: 330 | O53: 2750 | P53: 0.57222222 | Q53: 0.8125 | R53: 346
A54: 10/25 | B54: D0131 | C54: 藍莓餡(1*6Kg) | D54: 16 | E54: 5 | G54: 0.375 | H54: 0.57222222 | I54: 224 | J54: 3.5 | K54: 0.0069444444 | L54: 0.40972222 | M54: 0.61111111 | N54: 240 | O54: 1960 | P54: 0.375 | Q54: 0.61111111 | R54: 280
A55: 10/25 | B55: D0610 | C55: 草莓餡50°(1*6Kg) | D55: 8 | E55: 5 | G55: 0.29166667 | H55: 0.375 | I55: 120 | J55: 3 | K55: 0.0069444444 | L55: 0.33333333 | M55: 0.40972222 | N55: 120 | O55: 960 | P55: 0.29166667 | Q55: 0.40972222 | R55: 170
A56: 10/25 | B56: D0422 | C56: 深烤焙花生醬(1*18KG) | D56: 60 | E56: 3 | F56: 0.041666667 | G56: 0.29166667 | H56: 0.70833333 | I56: 600 | J56: 4 | L56: 0.29166667 | M56: 0.73611111 | N56: 580 | O56: 4120 | P56: 0.29166667 | Q56: 0.73611111 | R56: 580
A57: 10/28 | B57: B1011 | C57: ＃1草莓(1*3.2kg) | D57: 72 | E57: 5 | G57: 0.29166667 | H57: 0.66666667 | I57: 480 | J57: 5 | L57: 0.3125 | M57: 0.71527778 | N57: 520 | O57: 5000 | P57: 0.29166667 | Q57: 0.71527778 | R57: 550
A58: 10/28 | B58: C1010 | C58: 草莓果醬(桶)(1*9.5KG) | D58: 20 | E58: 5 | G58: 0.29166667 | H58: 0.5 | I58: 300 | J58: 4 | K58: 0.020833333 | L58: 0.29166667 | M58: 0.5625 | N58: 360 | O58: 2940 | P58: 0.29166667 | Q58: 0.5625 | R58: 330
A59: 10/28 | B59: D0310 | C59: 草莓蒟蒻餡(1*6kg) | D59: 24 | E59: 5 | G59: 0.54166667 | H59: 0.75 | I59: 300 | J59: 4 | K59: 0.020833333 | L59: 0.5625 | M59: 0.75 | N59: 300 | O59: 2700 | P59: 0.54166667 | Q59: 0.75 | R59: 300
A60: 10/28 | B60: A2060 | C60: 顆粒花生醬(全) | D60: 36 | E60: 3 | F60: 0.0625 | G60: 0.29166667 | H60: 0.66666667 | I60: 570 | J60: 6 | L60: 0.29166667 | M60: 0.71527778 | N60: 550 | O60: 5010 | P60: 0.29166667 | Q60: 0.71527778 | R60: 550
A61: 10/29 | B61: A1020 | C61: 大圓草莓-新 | D61: 28 | E61: 5 | G61: 0.29166667 | H61: 0.59722222 | I61: 380 | J61: 10 | K61: 0.010416667 | L61: 0.33333333 | M61: 0.59722222 | N61: 335 | O61: 5250 | P61: 0.29166667 | Q61: 0.59722222 | R61: 380
A62: 10/29 | B62: A1032 | C62: 小圓草莓(1*170g) | D62: 8 | E62: 5 | G62: 0.54166667 | H62: 0.70833333 | I62: 240 | J62: 9 | K62: 0.010416667 | L62: 0.59722222 | M62: 0.70833333 | N62: 175 | O62: 2775 | P62: 0.54166667 | Q62: 0.70833333 | R62: 240
A63: 10/29 | B63: D0111 | C63: 草莓餡(1*6Kg) | D63: 20 | E63: 5 | G63: 0.29166667 | H63: 0.44097222 | I63: 215 | J63: 3 | K63: 0.010416667 | L63: 0.33333333 | M63: 0.47569444 | N63: 220 | O63: 1735 | P63: 0.29166667 | Q63: 0.47569444 | R63: 265
A64: 10/29 | B64: D0310 | C64: 草莓蒟蒻餡(1*6kg) | D64: 24 | E64: 5 | G64: 0.44097222 | H64: 0.70833333 | I64: 325 | J64: 3 | K64: 0.010416667 | L64: 0.47569444 | M64: 0.72916667 | N64: 320 | O64: 2585 | P64: 0.44097222 | Q64: 0.72916667 | R64: 355
A65: 10/29 | B65: B2011 | C65: ＃1花生(1*2.8kg) | D65: 72 | E65: 3 | F65: 0.0625 | G65: 0.29166667 | H65: 0.75 | I65: 690 | J65: 4 | L65: 0.29166667 | M65: 0.79166667 | N65: 660 | O65: 4710 | P65: 0.29166667 | Q65: 0.79166667 | R65: 660
A66: 10/29 | B66: 151010 | C66: 蜜紅果6m/m | D66: 1 | I66: 0 | N66: 0 | O66: 0 | P66: 0 | Q66: 0 | R66: 0
A67: 10/30 | B67: B3020 | C67: ＃2藍莓(1*900g) | D67: 20 | E67: 5 | G67: 0.54166667 | H67: 0.72916667 | I67: 270 | J67: 5 | L67: 0.54166667 | M67: 0.72916667 | N67: 270 | O67: 2700 | P67: 0.54166667 | Q67: 0.72916667 | R67: 270
A68: 10/30 | B68: B1011 | C68: ＃1草莓(1*3.2kg) | D68: 36 | E68: 6 | G68: 0.29166667 | H68: 0.5 | I68: 300 | J68: 5 | L68: 0.3125 | M68: 0.5 | N68: 270 | O68: 3150 | P68: 0.29166667 | Q68: 0.5 | R68: 300
A69: 10/30 | B69: D0132 | C69: 綜合莓果餡(1*6Kg) | D69: 17 | E69: 5 | G69: 0.58680556 | H69: 0.75 | I69: 235 | J69: 3 | L69: 0.61805556 | M69: 0.77083333 | N69: 220 | O69: 1835 | P69: 0.58680556 | Q69: 0.77083333 | R69: 265
A70: 10/30 | B70: D0330 | C70: 藍莓餡(1*6KG) | D70: 28 | E70: 5 | G70: 0.29166667 | H70: 0.58680556 | I70: 365 | J70: 3 | L70: 0.3125 | M70: 0.61805556 | N70: 380 | O70: 2965 | P70: 0.29166667 | Q70: 0.61805556 | R70: 410
A71: 10/30 | B71: B2011 | C71: ＃1花生(1*2.8kg) | D71: 72 | E71: 3 | F71: 0.0625 | G71: 0.29166667 | H71: 0.75 | I71: 690 | J71: 4 | L71: 0.29166667 | M71: 0.77430556 | N71: 635 | O71: 4610 | P71: 0.29166667 | Q71: 0.77430556 | R71: 635
A72: 10/31 | B72: C1020 | C72: 天天開心草莓餡4.5KG | D72: 20 | E72: 5 | G72: 0.37638889 | H72: 0.61111111 | I72: 278 | J72: 4 | L72: 0.41666667 | M72: 0.65972222 | N72: 290 | O72: 2550 | P72: 0.37638889 | Q72: 0.65972222 | R72: 348
A73: 10/31 | B73: C7010 | C73: 天天開心芒果餡4.5KG | D73: 8 | E73: 5 | G73: 0.61111111 | H73: 0.70833333 | I73: 140 | J73: 4 | L73: 0.65972222 | M73: 0.77083333 | N73: 160 | O73: 1340 | P73: 0.61111111 | Q73: 0.77083333 | R73: 230
A74: 10/31 | B74: D0810 | C74: 草莓餡(1*4.5Kg) | D74: 8 | E74: 5 | G74: 0.29166667 | H74: 0.37638889 | I74: 122 | J74: 4 | L74: 0.3125 | M74: 0.41666667 | N74: 150 | O74: 1210 | P74: 0.29166667 | Q74: 0.41666667 | R74: 180
A75: 11/01 | B75: B3011 | C75: ＃1藍莓(1*3.2kg) | D75: 72 | E75: 6 | G75: 0.29166667 | H75: 0.66666667 | I75: 480 | J75: 5 | L75: 0.3125 | M75: 0.70833333 | N75: 510 | O75: 5430 | P75: 0.29166667 | Q75: 0.70833333 | R75: 540
A76: 11/01 | B76: D0114 | C76: 草莓椰果餡(1*6Kg) | D76: 20 | E76: 5 | G76: 0.39930556 | H76: 0.61111111 | I76: 245 | J76: 3 | L76: 0.42361111 | M76: 0.63888889 | N76: 250 | O76: 1975 | P76: 0.39930556 | Q76: 0.63888889 | R76: 285
A77: 11/01 | B77: D0310 | C77: 草莓蒟蒻餡(1*6kg) | D77: 12 | E77: 5 | G77: 0.61111111 | H77: 0.72916667 | I77: 170 | J77: 3 | L77: 0.63888889 | M77: 0.72916667 | N77: 130 | O77: 1240 | P77: 0.61111111 | Q77: 0.72916667 | R77: 170
A78: 11/01 | B78: D0191-1 | C78: 蘋果餡(1*6Kg) | D78: 12 | E78: 5 | G78: 0.29166667 | H78: 0.39930556 | I78: 155 | J78: 3 | L78: 0.3125 | M78: 0.42361111 | N78: 160 | O78: 1255 | P78: 0.29166667 | Q78: 0.42361111 | R78: 190
A79: 11/01 | B79: D0122 | C79: 顆粒花生醬(1*12KG) | D79: 21 | E79: 3 | F79: 0.020833333 | G79: 0.29166667 | H79: 0.70833333 | I79: 570 | J79: 9 | L79: 0.29166667 | M79: 0.70833333 | N79: 540 | O79: 6570 | P79: 0.29166667 | Q79: 0.70833333 | R79: 540
A80: 11/04 | B80: A3010 | C80: 小藍莓1*260G | D80: 20 | E80: 4 | G80: 0.54166667 | H80: 0.70833333 | I80: 240 | J80: 9 | K80: 0.027777778 | L80: 0.54166667 | M80: 0.75 | N80: 340 | O80: 4020 | P80: 0.54166667 | Q80: 0.75 | R80: 300
A81: 11/04 | B81: A1050 | C81: 梨山草莓果醬(1*430g) | D81: 12 | E81: 4 | G81: 0.29166667 | H81: 0.5 | I81: 300 | J81: 9 | K81: 0.027777778 | L81: 0.36805556 | M81: 0.5 | N81: 230 | O81: 3270 | P81: 0.29166667 | Q81: 0.5 | R81: 300
A82: 11/04 | B82: D0113 | C82: 草莓餡45%(1*6Kg) | D82: 20 | E82: 5 | G82: 0.29166667 | H82: 0.4625 | I82: 246 | J82: 3 | L82: 0.3125 | M82: 0.5 | N82: 270 | O82: 2040 | P82: 0.29166667 | Q82: 0.5 | R82: 300
A83: 11/04 | B83: D0310 | C83: 草莓蒟蒻餡(1*6kg) | D83: 20 | E83: 5 | G83: 0.4625 | H83: 0.6875 | I83: 264 | J83: 3 | L83: 0.54166667 | M83: 0.70833333 | N83: 240 | O83: 2040 | P83: 0.4625 | Q83: 0.70833333 | R83: 294
A84: 11/04 | B84: B2011 | C84: ＃1花生(1*2.8kg) | D84: 60 | E84: 3 | F84: 0.0625 | G84: 0.29166667 | H84: 0.70833333 | I84: 630 | J84: 4 | L84: 0.29166667 | M84: 0.72916667 | N84: 570 | O84: 4170 | P84: 0.29166667 | Q84: 0.72916667 | R84: 570
A85: 11/05 | B85: B1011 | C85: ＃1草莓(1*3.2kg) | D85: 72 | E85: 6 | G85: 0.29166667 | H85: 0.66666667 | I85: 480 | J85: 5 | L85: 0.3125 | M85: 0.70833333 | N85: 510 | O85: 5430 | P85: 0.29166667 | Q85: 0.70833333 | R85: 540
A86: 11/05 | B86: D0310 | C86: 草莓蒟蒻餡(1*6kg) | D86: 20 | E86: 5 | G86: 0.54166667 | H86: 0.70833333 | I86: 240 | J86: 4 | L86: 0.5625 | M86: 0.70833333 | N86: 210 | O86: 2040 | P86: 0.54166667 | Q86: 0.70833333 | R86: 240
A87: 11/05 | B87: D0330 | C87: 藍莓餡(1*6KG) | D87: 20 | E87: 5 | G87: 0.29166667 | H87: 0.5 | I87: 300 | J87: 4 | L87: 0.3125 | M87: 0.5625 | N87: 300 | O87: 2700 | P87: 0.29166667 | Q87: 0.5625 | R87: 330
A88: 11/05 | B88: B2011 | C88: ＃1花生(1*2.8kg) | D88: 60 | E88: 3 | F88: 0.041666667 | G88: 0.29166667 | H88: 0.66666667 | I88: 540 | J88: 4 | K88: 4 | L88: 0.29166667 | M88: 0.70833333 | N88: 6300 | O88: 26820 | P88: 0.29166667 | Q88: 0.70833333 | R88: 540
A89: 11/06 | B89: D0310 | C89: 草莓蒟蒻餡(1*6kg) | D89: 28 | E89: 5 | G89: 0.4 | H89: 0.6875 | I89: 354 | J89: 4 | L89: 0.43402778 | M89: 0.72916667 | N89: 365 | O89: 3230 | P89: 0.4 | Q89: 0.72916667 | R89: 414
A90: 11/06 | B90: D0191-1 | C90: 蘋果餡(1*6Kg) | D90: 12 | E90: 5 | G90: 0.29166667 | H90: 0.4 | I90: 156 | J90: 4 | L90: 0.3125 | M90: 0.43402778 | N90: 175 | O90: 1480 | P90: 0.29166667 | Q90: 0.43402778 | R90: 205
A91: 11/06 | B91: D0120 | C91: 顆粒花生醬(1*12KG) | D91: 21 | E91: 3 | F91: 0.020833333 | G91: 0.29166667 | H91: 0.70833333 | I91: 570 | J91: 9 | L91: 0.29166667 | M91: 0.70833333 | N91: 540 | O91: 6570 | P91: 0.29166667 | Q91: 0.70833333 | R91: 540
A92: 11/06 | B92: B2011 | C92: ＃1花生(1*2.8kg) | D92: 60 | E92: 3 | F92: 0.041666667 | G92: 0.29166667 | H92: 0.70833333 | I92: 600 | J92: 4 | L92: 0.29166667 | M92: 0.70833333 | N92: 540 | O92: 3960 | P92: 0.29166667 | Q92: 0.70833333 | R92: 540
A93: 11/07 | B93: C1020 | C93: 天天開心草莓餡4.5KG | D93: 24 | E93: 5 | G93: 0.54166667 | H93: 0.77083333 | I93: 330 | J93: 5 | L93: 0.56597222 | M93: 0.83333333 | N93: 385 | O93: 3575 | P93: 0.54166667 | Q93: 0.83333333 | R93: 420
A94: 11/07 | B94: C5010 | C94: 天天開心柳橙餡4.5KG | D94: 11 | E94: 5 | G94: 0.29166667 | H94: 0.41319444 | I94: 175 | J94: 5 | L94: 0.3125 | M94: 0.46180556 | N94: 215 | O94: 1950 | P94: 0.29166667 | Q94: 0.46180556 | R94: 245
A95: 11/07 | B95: C9050 | C95: 上好佳綜合莓餡4.5KG | D95: 3 | E95: 5 | G95: 0.41319444 | H95: 0.5 | I95: 125 | J95: 5 | L95: 0.46180556 | M95: 0.56597222 | N95: 90 | O95: 1075 | P95: 0.41319444 | Q95: 0.56597222 | R95: 160
A96: 11/07 | B96: D0121 | C96: 顆粒花生醬(1*12KG) | D96: 21 | E96: 3 | F96: 0.020833333 | G96: 0.29166667 | H96: 0.70833333 | I96: 570 | J96: 9 | L96: 0.29166667 | M96: 0.70833333 | N96: 540 | O96: 6570 | P96: 0.29166667 | Q96: 0.70833333 | R96: 540
A97: 11/07 | B97: B2011 | C97: ＃1花生(1*2.8kg) | D97: 60 | E97: 3 | F97: 0.041666667 | G97: 0.29166667 | H97: 0.70833333 | I97: 600 | J97: 4 | L97: 0.29166667 | M97: 0.70833333 | N97: 540 | O97: 3960 | P97: 0.29166667 | Q97: 0.70833333 | R97: 540
A98: 11/07 | B98: 111010 | C98: 糖漬桔皮絲 | D98: 1 | I98: 0 | N98: 0 | O98: 0 | P98: 0 | Q98: 0 | R98: 0
A99: 11/08 | B99: A1020 | C99: 大圓草莓-新 | D99: 44 | E99: 4 | G99: 0.29166667 | H99: 0.6875 | I99: 510 | J99: 10 | L99: 0.29166667 | M99: 0.70833333 | N99: 540 | O99: 7440 | P99: 0.29166667 | Q99: 0.70833333 | R99: 540
A100: 11/08 | B100: D0310 | C100: 草莓蒟蒻餡(1*6kg) | D100: 20 | E100: 5 | G100: 0.54166667 | H100: 0.70833333 | I100: 240 | J100: 5 | L100: 0.5625 | M100: 0.72916667 | N100: 240 | O100: 2400 | P100: 0.54166667 | Q100: 0.72916667 | R100: 270
...

Sheet 領料單繳回統計
B1: 調理
B4: 日期 | C4: 組別 | D4: 料號 | E4: 品項 | F4: 領料單(調) | G4: 調理繳回超過7天
B5: 總計
B12: 充填
B15: 日期 | C15: 組別 | D15: 料號 | E15: 品項 | F15: 領料單(調) | G15: 充填繳回超過7天
B16: 46196 | C16: 果醬班 | D16: D0210 | E16: 草莓醬(1*6kg) | F16: 46196 | G16: 8
D17: D0230 | E17: 藍莓醬(1*6kg) | F17: 46196 | G17: 8
B18: 46197 | C18: 果餡班 | D18: D0113 | E18: 草莓餡45%(1*6Kg) | F18: 46197 | G18: 7
D19: D0310 | E19: 草莓蒟蒻餡(1*6kg) | F19: 46198 | G19: 7
C20: 果醬班 | D20: B1040 | E20: #2草莓果醬(1*900g) | F20: 46197 | G20: 7
D21: B3011 | E21: ＃1藍莓(1*3.2kg) | F21: 46197 | G21: 7
B22: 46198 | C22: 果餡班 | D22: D0310 | E22: 草莓蒟蒻餡(1*6kg) | F22: 46198 | G22: 8
D23: D0331 | E23: 藍莓餡(1*6KG) | F23: 46198 | G23: 8
B24: 46212 | C24: 果餡班 | D24: D2712 | E24: 草莓果醬(1*6KG) | F24: 46218 | G24: 7
B25: 總計
